image_names,tool_type,xmin,xmax,ymin,ymax
anesthetic_09.jpg,anesthetic,265,405,65,214
anesthetic_1007.jpg,anesthetic,206,264,0,101
anesthetic_1016.jpg,anesthetic,303,350,0,117
anesthetic_1025.jpg,anesthetic,310,352,0,113
anesthetic_1034.jpg,anesthetic,293,329,0,132
anesthetic_1043.jpg,anesthetic,316,366,0,175
anesthetic_1052.jpg,anesthetic,129,223,2,202
anesthetic_1061.jpg,anesthetic,188,245,0,130
anesthetic_1070.jpg,anesthetic,209,247,0,133
anesthetic_108.jpg,anesthetic,180,385,81,162
anesthetic_1089.jpg,anesthetic,314,408,0,165
anesthetic_1098.jpg,anesthetic,295,345,0,182
anesthetic_1106.jpg,anesthetic,180,291,0,79
anesthetic_1115.jpg,anesthetic,147,272,8,263
anesthetic_1124.jpg,anesthetic,149,282,1,262
anesthetic_1133.jpg,anesthetic,296,477,1,145
anesthetic_1142.jpg,anesthetic,290,404,3,151
anesthetic_1151.jpg,anesthetic,285,386,1,149
anesthetic_1160.jpg,anesthetic,261,337,9,148
anesthetic_117.jpg,anesthetic,258,369,133,203
anesthetic_1179.jpg,anesthetic,243,320,25,151
anesthetic_1188.jpg,anesthetic,308,427,57,154
anesthetic_1197.jpg,anesthetic,346,463,18,157
anesthetic_1205.jpg,anesthetic,332,413,14,166
anesthetic_1214.jpg,anesthetic,234,426,78,169
anesthetic_1223.jpg,anesthetic,275,405,0,119
anesthetic_1232.jpg,anesthetic,290,404,0,103
anesthetic_1241.jpg,anesthetic,248,342,30,153
anesthetic_1250.jpg,anesthetic,215,315,71,214
anesthetic_126.jpg,anesthetic,264,450,96,198
anesthetic_1269.jpg,anesthetic,275,474,0,198
anesthetic_1278.jpg,anesthetic,285,486,0,149
anesthetic_1287.jpg,anesthetic,284,461,0,159
anesthetic_1296.jpg,anesthetic,280,405,0,162
anesthetic_1304.jpg,anesthetic,279,406,0,162
anesthetic_1313.jpg,anesthetic,233,293,80,152
anesthetic_1322.jpg,anesthetic,234,325,24,149
anesthetic_1331.jpg,anesthetic,314,418,1,157
anesthetic_1340.jpg,anesthetic,289,376,0,78
anesthetic_135.jpg,anesthetic,268,518,63,201
anesthetic_1359.jpg,anesthetic,198,293,0,59
anesthetic_1368.jpg,anesthetic,239,467,73,192
anesthetic_1377.jpg,anesthetic,301,389,12,152
anesthetic_1386.jpg,anesthetic,273,419,2,102
anesthetic_1395.jpg,anesthetic,277,374,7,99
anesthetic_1403.jpg,anesthetic,296,397,69,153
anesthetic_1412.jpg,anesthetic,312,427,85,164
anesthetic_1421.jpg,anesthetic,305,408,52,154
anesthetic_1430.jpg,anesthetic,294,454,0,165
anesthetic_144.jpg,anesthetic,307,420,118,240
anesthetic_1449.jpg,anesthetic,296,411,3,99
anesthetic_1458.jpg,anesthetic,229,301,0,77
anesthetic_1467.jpg,anesthetic,288,468,0,150
anesthetic_1476.jpg,anesthetic,283,405,0,152
anesthetic_1485.jpg,anesthetic,253,362,0,210
anesthetic_1494.jpg,anesthetic,249,328,0,131
anesthetic_1502.jpg,anesthetic,228,299,0,114
anesthetic_1511.jpg,anesthetic,280,413,0,142
anesthetic_1520.jpg,anesthetic,273,364,0,115
anesthetic_153.jpg,anesthetic,255,424,99,192
anesthetic_1539.jpg,anesthetic,330,421,79,222
anesthetic_1548.jpg,anesthetic,262,397,0,159
anesthetic_1557.jpg,anesthetic,271,450,66,153
anesthetic_1566.jpg,anesthetic,223,461,48,224
anesthetic_1575.jpg,anesthetic,183,261,0,115
anesthetic_1584.jpg,anesthetic,242,370,0,73
anesthetic_1593.jpg,anesthetic,283,398,0,190
anesthetic_1601.jpg,anesthetic,283,384,98,191
anesthetic_1610.jpg,anesthetic,218,347,0,126
anesthetic_162.jpg,anesthetic,256,420,161,200
anesthetic_1629.jpg,anesthetic,252,415,25,141
anesthetic_1638.jpg,anesthetic,255,397,0,129
anesthetic_1647.jpg,anesthetic,347,457,0,167
anesthetic_1656.jpg,anesthetic,337,388,34,160
anesthetic_1665.jpg,anesthetic,339,546,80,176
anesthetic_1674.jpg,anesthetic,282,516,106,203
anesthetic_1683.jpg,anesthetic,278,453,42,98
anesthetic_1692.jpg,anesthetic,345,517,16,127
anesthetic_1700.jpg,anesthetic,345,536,39,128
anesthetic_171.jpg,anesthetic,199,292,4,136
anesthetic_1719.jpg,anesthetic,369,443,0,161
anesthetic_1728.jpg,anesthetic,308,452,0,175
anesthetic_1737.jpg,anesthetic,309,452,0,173
anesthetic_1746.jpg,anesthetic,295,357,0,145
anesthetic_1755.jpg,anesthetic,291,413,0,206
anesthetic_1764.jpg,anesthetic,285,368,0,206
anesthetic_1773.jpg,anesthetic,292,456,0,206
anesthetic_1782.jpg,anesthetic,294,419,0,209
anesthetic_1791.jpg,anesthetic,330,416,0,134
anesthetic_180.jpg,anesthetic,202,402,107,146
anesthetic_1809.jpg,anesthetic,315,400,0,189
anesthetic_1818.jpg,anesthetic,284,363,0,188
anesthetic_1827.jpg,anesthetic,282,343,0,186
anesthetic_1836.jpg,anesthetic,346,452,0,176
anesthetic_1845.jpg,anesthetic,313,406,0,160
anesthetic_1854.jpg,anesthetic,338,424,0,195
anesthetic_1863.jpg,anesthetic,302,352,0,109
anesthetic_1872.jpg,anesthetic,386,500,20,158
anesthetic_1881.jpg,anesthetic,279,434,56,189
anesthetic_1890.jpg,anesthetic,344,520,7,157
anesthetic_19.jpg,anesthetic,271,442,120,209
anesthetic_1908.jpg,anesthetic,298,476,9,93
anesthetic_1917.jpg,anesthetic,357,431,90,166
anesthetic_1926.jpg,anesthetic,359,447,60,159
anesthetic_1935.jpg,anesthetic,286,435,31,184
anesthetic_1944.jpg,anesthetic,373,425,126,182
anesthetic_1953.jpg,anesthetic,373,472,0,111
anesthetic_1962.jpg,anesthetic,231,446,31,208
anesthetic_1971.jpg,anesthetic,224,387,0,207
anesthetic_1980.jpg,anesthetic,363,430,53,186
anesthetic_199.jpg,anesthetic,291,425,38,132
anesthetic_1999.jpg,anesthetic,277,492,16,207
anesthetic_2007.jpg,anesthetic,291,441,11,158
anesthetic_2016.jpg,anesthetic,338,445,52,152
anesthetic_2025.jpg,anesthetic,329,390,0,151
anesthetic_2034.jpg,anesthetic,362,472,13,151
anesthetic_2043.jpg,anesthetic,363,500,21,150
anesthetic_2052.jpg,anesthetic,369,496,67,158
anesthetic_2061.jpg,anesthetic,360,434,58,163
anesthetic_2070.jpg,anesthetic,368,476,67,158
anesthetic_208.jpg,anesthetic,268,424,82,243
anesthetic_2089.jpg,anesthetic,393,553,106,175
anesthetic_2098.jpg,anesthetic,385,640,102,186
anesthetic_2106.jpg,anesthetic,394,613,137,207
anesthetic_2115.jpg,anesthetic,296,485,0,116
anesthetic_2124.jpg,anesthetic,380,544,25,159
anesthetic_2133.jpg,anesthetic,420,550,16,148
anesthetic_2142.jpg,anesthetic,368,541,38,192
anesthetic_2151.jpg,anesthetic,365,528,94,215
anesthetic_2160.jpg,anesthetic,389,499,14,158
anesthetic_217.jpg,anesthetic,404,584,47,146
anesthetic_2179.jpg,anesthetic,294,491,24,169
anesthetic_2188.jpg,anesthetic,342,440,0,109
anesthetic_2197.jpg,anesthetic,344,427,0,107
anesthetic_2205.jpg,anesthetic,326,428,41,190
anesthetic_2214.jpg,anesthetic,397,474,56,146
anesthetic_2223.jpg,anesthetic,397,473,0,152
anesthetic_2232.jpg,anesthetic,193,430,36,183
anesthetic_2241.jpg,anesthetic,186,438,30,166
anesthetic_2250.jpg,anesthetic,345,601,81,188
anesthetic_226.jpg,anesthetic,272,509,49,136
anesthetic_2269.jpg,anesthetic,321,611,145,235
anesthetic_2278.jpg,anesthetic,316,479,0,246
anesthetic_2287.jpg,anesthetic,264,350,0,246
anesthetic_2296.jpg,anesthetic,329,482,46,242
anesthetic_2304.jpg,anesthetic,328,560,78,247
anesthetic_2313.jpg,anesthetic,303,495,0,110
anesthetic_2322.jpg,anesthetic,299,544,155,238
anesthetic_2331.jpg,anesthetic,315,554,51,251
anesthetic_2340.jpg,anesthetic,320,524,56,197
anesthetic_235.jpg,anesthetic,294,527,30,170
anesthetic_2359.jpg,anesthetic,298,492,61,166
anesthetic_2368.jpg,anesthetic,332,531,20,148
anesthetic_2377.jpg,anesthetic,253,492,0,161
anesthetic_2386.jpg,anesthetic,228,404,0,40
anesthetic_2395.jpg,anesthetic,176,432,76,134
anesthetic_2403.jpg,anesthetic,218,425,28,77
anesthetic_2412.jpg,anesthetic,312,541,116,196
anesthetic_2421.jpg,anesthetic,191,430,25,80
anesthetic_2430.jpg,anesthetic,285,536,94,146
anesthetic_244.jpg,anesthetic,296,522,111,180
anesthetic_2449.jpg,anesthetic,297,477,0,60
anesthetic_2458.jpg,anesthetic,295,507,51,161
anesthetic_2467.jpg,anesthetic,282,523,69,201
anesthetic_2476.jpg,anesthetic,229,293,0,102
anesthetic_2485.jpg,anesthetic,280,364,0,120
anesthetic_2494.jpg,anesthetic,266,342,41,125
anesthetic_2502.jpg,anesthetic,344,510,170,245
anesthetic_2511.jpg,anesthetic,205,371,124,215
anesthetic_2520.jpg,anesthetic,265,313,0,132
anesthetic_253.jpg,anesthetic,228,398,0,163
anesthetic_2539.jpg,anesthetic,339,379,0,165
anesthetic_2548.jpg,anesthetic,301,397,37,195
anesthetic_2557.jpg,anesthetic,160,423,153,247
anesthetic_2566.jpg,anesthetic,73,292,169,230
anesthetic_2575.jpg,anesthetic,276,318,80,140
anesthetic_265.jpg,anesthetic,202,385,47,173
anesthetic_274.jpg,anesthetic,203,337,83,170
anesthetic_283.jpg,anesthetic,222,329,92,178
anesthetic_292.jpg,anesthetic,223,386,14,171
anesthetic_301.jpg,anesthetic,227,399,81,172
anesthetic_310.jpg,anesthetic,227,306,111,175
anesthetic_32.jpg,anesthetic,223,317,26,133
anesthetic_329.jpg,anesthetic,308,451,83,215
anesthetic_338.jpg,anesthetic,308,458,110,217
anesthetic_347.jpg,anesthetic,249,368,21,133
anesthetic_356.jpg,anesthetic,259,359,20,125
anesthetic_365.jpg,anesthetic,302,335,32,137
anesthetic_374.jpg,anesthetic,175,269,27,157
anesthetic_383.jpg,anesthetic,159,308,9,173
anesthetic_392.jpg,anesthetic,230,312,36,146
anesthetic_401.jpg,anesthetic,226,294,26,152
anesthetic_410.jpg,anesthetic,242,329,0,137
anesthetic_42.jpg,anesthetic,300,459,84,157
anesthetic_429.jpg,anesthetic,239,291,17,200
anesthetic_438.jpg,anesthetic,253,324,0,195
anesthetic_447.jpg,anesthetic,272,392,0,218
anesthetic_456.jpg,anesthetic,271,388,0,192
anesthetic_465.jpg,anesthetic,267,332,0,195
anesthetic_474.jpg,anesthetic,215,272,0,219
anesthetic_483.jpg,anesthetic,52,173,0,275
anesthetic_492.jpg,anesthetic,231,304,0,153
anesthetic_501.jpg,anesthetic,269,316,0,204
anesthetic_510.jpg,anesthetic,206,274,34,220
anesthetic_52.jpg,anesthetic,330,452,169,220
anesthetic_529.jpg,anesthetic,175,223,0,100
anesthetic_538.jpg,anesthetic,272,416,26,128
anesthetic_547.jpg,anesthetic,271,331,70,186
anesthetic_556.jpg,anesthetic,276,313,66,183
anesthetic_565.jpg,anesthetic,303,336,102,150
anesthetic_574.jpg,anesthetic,313,382,47,151
anesthetic_583.jpg,anesthetic,250,340,55,238
anesthetic_592.jpg,anesthetic,242,302,112,238
anesthetic_601.jpg,anesthetic,110,166,90,283
anesthetic_610.jpg,anesthetic,96,156,69,298
anesthetic_62.jpg,anesthetic,324,491,125,192
anesthetic_629.jpg,anesthetic,170,270,0,131
anesthetic_638.jpg,anesthetic,156,245,23,133
anesthetic_647.jpg,anesthetic,248,415,61,195
anesthetic_656.jpg,anesthetic,273,414,41,163
anesthetic_665.jpg,anesthetic,177,251,0,157
anesthetic_674.jpg,anesthetic,247,440,82,244
anesthetic_683.jpg,anesthetic,303,434,39,187
anesthetic_692.jpg,anesthetic,259,355,32,155
anesthetic_701.jpg,anesthetic,207,315,3,161
anesthetic_710.jpg,anesthetic,262,417,52,183
anesthetic_72.jpg,anesthetic,305,522,51,166
anesthetic_729.jpg,anesthetic,190,248,1,194
anesthetic_738.jpg,anesthetic,254,354,0,98
anesthetic_747.jpg,anesthetic,276,368,57,153
anesthetic_756.jpg,anesthetic,266,359,0,180
anesthetic_765.jpg,anesthetic,198,306,13,162
anesthetic_774.jpg,anesthetic,201,294,0,166
anesthetic_783.jpg,anesthetic,242,337,0,152
anesthetic_792.jpg,anesthetic,239,338,0,153
anesthetic_801.jpg,anesthetic,214,326,0,161
anesthetic_810.jpg,anesthetic,276,411,15,159
anesthetic_82.jpg,anesthetic,260,406,67,242
anesthetic_829.jpg,anesthetic,294,440,14,181
anesthetic_838.jpg,anesthetic,272,400,24,202
anesthetic_847.jpg,anesthetic,168,255,34,229
anesthetic_856.jpg,anesthetic,249,375,16,184
anesthetic_865.jpg,anesthetic,250,360,71,184
anesthetic_874.jpg,anesthetic,296,416,40,156
anesthetic_883.jpg,anesthetic,299,424,89,160
anesthetic_892.jpg,anesthetic,294,441,11,155
anesthetic_901.jpg,anesthetic,244,358,5,203
anesthetic_910.jpg,anesthetic,245,348,0,202
anesthetic_92.jpg,anesthetic,254,503,178,246
anesthetic_929.jpg,anesthetic,314,412,69,137
anesthetic_938.jpg,anesthetic,307,369,0,125
anesthetic_947.jpg,anesthetic,306,369,0,133
anesthetic_956.jpg,anesthetic,333,388,0,155
anesthetic_965.jpg,anesthetic,288,381,0,169
anesthetic_974.jpg,anesthetic,286,368,0,174
anesthetic_983.jpg,anesthetic,231,314,0,203
anesthetic_992.jpg,anesthetic,236,310,90,202
catheter_09.jpg,catheter,416,640,116,398
catheter_1007.jpg,catheter,343,525,110,229
catheter_1016.jpg,catheter,340,457,99,329
catheter_1025.jpg,catheter,353,589,110,432
catheter_1034.jpg,catheter,356,640,108,295
catheter_1043.jpg,catheter,316,555,2,433
catheter_1052.jpg,catheter,408,616,115,333
catheter_1061.jpg,catheter,414,640,115,417
catheter_1070.jpg,catheter,305,550,52,386
catheter_108.jpg,catheter,380,578,0,151
catheter_1089.jpg,catheter,306,626,54,360
catheter_1098.jpg,catheter,309,532,53,313
catheter_1106.jpg,catheter,306,640,53,386
catheter_1115.jpg,catheter,300,543,51,400
catheter_1124.jpg,catheter,288,492,85,384
catheter_1133.jpg,catheter,284,492,85,386
catheter_1142.jpg,catheter,281,492,78,384
catheter_1151.jpg,catheter,280,640,80,198
catheter_1160.jpg,catheter,269,640,50,436
catheter_117.jpg,catheter,412,580,0,144
catheter_1179.jpg,catheter,272,583,103,480
catheter_1188.jpg,catheter,332,591,223,480
catheter_1197.jpg,catheter,217,431,155,201
catheter_1205.jpg,catheter,185,640,0,480
catheter_1214.jpg,catheter,225,500,15,465
catheter_1223.jpg,catheter,317,538,1,474
catheter_1232.jpg,catheter,318,503,2,471
catheter_1241.jpg,catheter,316,640,3,309
catheter_1250.jpg,catheter,315,640,0,391
catheter_126.jpg,[],0,0,0,0
catheter_1269.jpg,catheter,319,596,1,408
catheter_1278.jpg,catheter,350,638,68,391
catheter_1287.jpg,catheter,291,487,1,372
catheter_1296.jpg,catheter,292,640,1,233
catheter_1304.jpg,catheter,311,640,2,317
catheter_1313.jpg,catheter,323,531,1,372
catheter_1322.jpg,catheter,371,640,41,221
catheter_1331.jpg,catheter,366,640,34,310
catheter_1340.jpg,catheter,379,570,100,309
catheter_135.jpg,catheter,381,640,36,222
catheter_1359.jpg,catheter,379,512,56,480
catheter_1368.jpg,catheter,373,640,49,331
catheter_1377.jpg,catheter,370,640,52,340
catheter_1386.jpg,catheter,369,640,36,436
catheter_1395.jpg,catheter,296,597,52,470
catheter_1403.jpg,catheter,293,587,42,178
catheter_1412.jpg,catheter,312,640,85,304
catheter_1421.jpg,catheter,348,520,135,248
catheter_1430.jpg,catheter,313,640,108,295
catheter_144.jpg,catheter,414,598,1,399
catheter_1449.jpg,catheter,270,571,102,406
catheter_1458.jpg,catheter,272,471,113,313
catheter_1467.jpg,catheter,269,640,91,306
catheter_1476.jpg,catheter,301,640,135,397
catheter_1485.jpg,catheter,297,640,154,265
catheter_1494.jpg,catheter,295,640,92,314
catheter_1502.jpg,catheter,222,557,32,476
catheter_1511.jpg,catheter,244,534,76,281
catheter_1520.jpg,catheter,319,547,100,230
catheter_153.jpg,catheter,434,536,1,342
catheter_1539.jpg,catheter,339,518,2,369
catheter_1548.jpg,catheter,370,560,71,276
catheter_1557.jpg,catheter,299,556,8,355
catheter_1566.jpg,catheter,304,507,10,202
catheter_1575.jpg,catheter,354,554,70,355
catheter_1584.jpg,catheter,338,507,71,192
catheter_1593.jpg,catheter,364,543,83,424
catheter_1601.jpg,catheter,354,526,97,413
catheter_1610.jpg,catheter,317,518,139,285
catheter_162.jpg,catheter,376,517,0,45
catheter_1629.jpg,catheter,297,580,80,154
catheter_1638.jpg,catheter,258,602,92,329
catheter_1647.jpg,catheter,249,549,136,457
catheter_1656.jpg,catheter,187,540,1,401
catheter_1665.jpg,catheter,286,514,61,190
catheter_1674.jpg,catheter,339,637,56,362
catheter_1683.jpg,catheter,343,596,126,437
catheter_1692.jpg,catheter,249,497,139,397
catheter_1700.jpg,catheter,305,505,95,422
catheter_171.jpg,catheter,426,496,0,106
catheter_1719.jpg,catheter,347,521,106,397
catheter_1728.jpg,catheter,365,517,120,391
catheter_1737.jpg,catheter,351,529,132,394
catheter_1746.jpg,catheter,376,548,119,399
catheter_1755.jpg,catheter,376,549,119,398
catheter_1764.jpg,catheter,332,516,154,435
catheter_1773.jpg,catheter,297,486,163,447
catheter_1782.jpg,catheter,314,530,95,442
catheter_1791.jpg,catheter,359,536,102,439
catheter_180.jpg,catheter,332,469,2,139
catheter_1809.jpg,catheter,248,530,1,435
catheter_1818.jpg,catheter,402,606,132,432
catheter_1827.jpg,catheter,403,608,136,433
catheter_1836.jpg,catheter,400,607,135,437
catheter_1845.jpg,catheter,405,592,134,435
catheter_1854.jpg,catheter,403,601,142,420
catheter_1863.jpg,catheter,400,591,148,435
catheter_1872.jpg,catheter,406,640,144,480
catheter_1881.jpg,catheter,404,629,137,397
catheter_1890.jpg,catheter,402,614,145,450
catheter_19.jpg,catheter,414,636,87,161
catheter_1908.jpg,catheter,402,609,129,421
catheter_1917.jpg,catheter,405,613,131,432
catheter_1926.jpg,catheter,407,640,127,415
catheter_1935.jpg,catheter,405,640,134,408
catheter_1944.jpg,catheter,401,640,134,412
catheter_1953.jpg,catheter,405,640,130,417
catheter_1962.jpg,catheter,557,640,276,413
catheter_1971.jpg,catheter,403,601,144,432
catheter_1980.jpg,catheter,403,640,142,270
catheter_199.jpg,catheter,341,454,0,108
catheter_1999.jpg,catheter,403,640,10,278
catheter_2007.jpg,catheter,403,640,65,315
catheter_2016.jpg,catheter,401,608,143,421
catheter_2025.jpg,catheter,403,640,134,187
catheter_2034.jpg,catheter,404,640,135,381
catheter_2043.jpg,catheter,402,594,143,420
catheter_2052.jpg,catheter,405,627,127,392
catheter_2061.jpg,catheter,402,640,124,364
catheter_2070.jpg,catheter,402,606,131,436
catheter_208.jpg,catheter,396,508,50,194
catheter_2089.jpg,catheter,402,640,62,386
catheter_2098.jpg,catheter,402,608,128,468
catheter_2106.jpg,catheter,399,640,129,414
catheter_2115.jpg,catheter,400,640,72,413
catheter_2124.jpg,catheter,400,574,131,467
catheter_2133.jpg,catheter,400,578,130,423
catheter_2142.jpg,catheter,401,640,133,315
catheter_2151.jpg,catheter,400,640,122,260
catheter_2160.jpg,catheter,403,640,120,187
catheter_217.jpg,catheter,357,497,0,122
catheter_2179.jpg,catheter,399,581,131,438
catheter_2188.jpg,catheter,402,640,119,332
catheter_2197.jpg,catheter,401,640,0,159
catheter_2205.jpg,catheter,401,640,120,306
catheter_2214.jpg,catheter,402,640,128,416
catheter_2223.jpg,catheter,403,640,1,401
catheter_2232.jpg,catheter,402,607,132,426
catheter_2241.jpg,catheter,403,633,81,439
catheter_2250.jpg,catheter,402,568,5,401
catheter_226.jpg,catheter,394,460,0,84
catheter_2269.jpg,catheter,396,471,104,162
catheter_2278.jpg,catheter,405,640,141,376
catheter_2287.jpg,catheter,400,597,142,418
catheter_2296.jpg,catheter,401,640,143,480
catheter_2304.jpg,catheter,401,640,143,449
catheter_2313.jpg,catheter,401,640,145,453
catheter_2322.jpg,catheter,404,640,144,441
catheter_2331.jpg,catheter,405,640,140,209
catheter_2340.jpg,catheter,402,599,0,160
catheter_235.jpg,catheter,422,640,119,378
catheter_2359.jpg,catheter,403,640,135,355
catheter_2368.jpg,catheter,403,640,133,243
catheter_2377.jpg,catheter,402,640,125,388
catheter_2386.jpg,catheter,402,640,137,403
catheter_2395.jpg,catheter,404,640,129,286
catheter_2403.jpg,catheter,406,640,127,207
catheter_2412.jpg,catheter,403,589,66,175
catheter_2421.jpg,catheter,402,640,129,375
catheter_2430.jpg,catheter,405,640,135,424
catheter_244.jpg,catheter,424,640,120,379
catheter_2449.jpg,catheter,403,640,134,348
catheter_2458.jpg,catheter,403,640,133,392
catheter_2467.jpg,catheter,406,597,135,418
catheter_2476.jpg,catheter,404,640,101,175
catheter_2485.jpg,catheter,404,640,130,335
catheter_2494.jpg,catheter,406,640,134,291
catheter_2502.jpg,catheter,403,640,32,239
catheter_2511.jpg,catheter,404,640,90,295
catheter_2520.jpg,catheter,387,611,122,405
catheter_253.jpg,catheter,423,640,112,194
catheter_2539.jpg,catheter,385,611,122,404
catheter_2548.jpg,catheter,385,610,124,404
catheter_261.jpg,catheter,418,601,0,140
catheter_270.jpg,catheter,420,640,0,182
catheter_28.jpg,catheter,416,640,6,153
catheter_289.jpg,catheter,420,640,51,147
catheter_298.jpg,catheter,417,640,77,151
catheter_307.jpg,catheter,421,640,118,366
catheter_316.jpg,catheter,418,640,119,304
catheter_325.jpg,catheter,421,640,73,151
catheter_334.jpg,catheter,417,610,48,144
catheter_343.jpg,catheter,417,595,55,144
catheter_352.jpg,catheter,419,570,91,149
catheter_361.jpg,catheter,428,600,25,139
catheter_370.jpg,catheter,425,640,8,137
catheter_38.jpg,catheter,415,640,4,144
catheter_389.jpg,catheter,426,640,0,136
catheter_398.jpg,catheter,425,640,0,132
catheter_407.jpg,catheter,428,640,0,135
catheter_416.jpg,catheter,425,594,47,138
catheter_425.jpg,catheter,360,577,27,135
catheter_434.jpg,catheter,412,628,96,359
catheter_443.jpg,catheter,407,601,97,353
catheter_452.jpg,catheter,408,640,6,137
catheter_461.jpg,catheter,409,640,0,215
catheter_470.jpg,catheter,410,640,0,139
catheter_48.jpg,catheter,415,619,112,367
catheter_489.jpg,catheter,411,640,0,230
catheter_498.jpg,catheter,409,640,20,324
catheter_507.jpg,catheter,410,640,0,131
catheter_516.jpg,catheter,417,600,0,123
catheter_525.jpg,catheter,417,613,0,122
catheter_534.jpg,catheter,418,614,0,121
catheter_543.jpg,catheter,421,605,0,118
catheter_552.jpg,catheter,417,535,0,118
catheter_561.jpg,catheter,416,541,0,117
catheter_570.jpg,catheter,416,521,0,118
catheter_58.jpg,catheter,414,640,113,367
catheter_589.jpg,catheter,420,640,124,409
catheter_598.jpg,catheter,422,640,125,402
catheter_607.jpg,catheter,419,640,52,191
catheter_616.jpg,catheter,417,640,125,351
catheter_625.jpg,catheter,416,634,125,408
catheter_634.jpg,catheter,421,640,126,302
catheter_643.jpg,catheter,415,640,71,141
catheter_652.jpg,catheter,420,640,63,137
catheter_661.jpg,catheter,423,640,121,286
catheter_670.jpg,catheter,421,501,130,168
catheter_68.jpg,catheter,416,640,107,163
catheter_689.jpg,catheter,424,633,0,133
catheter_698.jpg,catheter,421,640,0,131
catheter_707.jpg,catheter,421,640,0,124
catheter_716.jpg,catheter,427,640,5,128
catheter_725.jpg,catheter,422,640,0,126
catheter_734.jpg,catheter,422,640,4,127
catheter_743.jpg,catheter,427,640,29,131
catheter_752.jpg,catheter,424,535,0,119
catheter_761.jpg,catheter,424,554,0,125
catheter_770.jpg,catheter,426,562,0,120
catheter_78.jpg,catheter,421,640,31,139
catheter_789.jpg,catheter,314,444,0,149
catheter_798.jpg,catheter,434,564,0,95
catheter_807.jpg,catheter,337,538,9,141
catheter_816.jpg,catheter,327,533,50,220
catheter_825.jpg,catheter,285,413,0,112
catheter_834.jpg,catheter,269,467,0,88
catheter_843.jpg,catheter,341,527,0,129
catheter_852.jpg,catheter,401,596,16,159
catheter_861.jpg,catheter,325,512,0,174
catheter_870.jpg,catheter,244,473,0,180
catheter_88.jpg,catheter,423,640,20,136
catheter_889.jpg,catheter,229,279,0,45
catheter_898.jpg,catheter,343,512,11,148
catheter_907.jpg,catheter,320,505,43,145
catheter_916.jpg,catheter,338,475,39,154
catheter_925.jpg,catheter,388,507,13,105
catheter_934.jpg,catheter,342,640,19,213
catheter_943.jpg,catheter,395,501,34,110
catheter_952.jpg,catheter,339,578,0,179
catheter_961.jpg,catheter,303,428,0,52
catheter_970.jpg,catheter,320,370,0,72
catheter_98.jpg,catheter,472,578,0,95
catheter_989.jpg,catheter,377,640,0,241
catheter_998.jpg,catheter,382,473,0,222
dilator_09.jpg,catheter,220,453,56,205
dilator_1007.jpg,catheter,203,307,0,79
dilator_1016.jpg,catheter,202,214,0,78
dilator_1025.jpg,catheter,261,297,0,113
dilator_1034.jpg,catheter,287,394,20,118
dilator_1043.jpg,catheter,352,475,42,157
dilator_1052.jpg,catheter,350,362,0,158
dilator_1061.jpg,dilator,340,530,13,94
dilator_1070.jpg,dilator,241,279,0,46
dilator_108.jpg,dilator,183,474,126,290
dilator_1089.jpg,dilator,126,147,0,72
dilator_1098.jpg,dilator,201,281,0,157
dilator_1106.jpg,dilator,234,251,0,191
dilator_1115.jpg,dilator,256,266,0,78
dilator_1124.jpg,dilator,228,341,0,234
dilator_1133.jpg,dilator,298,471,0,216
dilator_1142.jpg,dilator,273,296,0,73
dilator_1151.jpg,dilator,263,281,0,75
dilator_1160.jpg,dilator,273,359,12,123
dilator_117.jpg,dilator,256,269,0,194
dilator_1179.jpg,dilator,308,485,31,166
dilator_1188.jpg,dilator,169,206,0,108
dilator_1197.jpg,dilator,277,376,58,182
dilator_1205.jpg,dilator,279,353,0,184
dilator_1214.jpg,dilator,296,396,0,165
dilator_1223.jpg,dilator,272,412,0,243
dilator_1232.jpg,dilator,259,368,50,273
dilator_1241.jpg,dilator,261,524,0,268
dilator_1250.jpg,dilator,279,328,0,105
dilator_126.jpg,dilator,251,486,95,198
dilator_1269.jpg,dilator,326,347,0,129
dilator_1278.jpg,dilator,284,494,20,178
dilator_1287.jpg,dilator,266,474,98,195
dilator_1296.jpg,dilator,270,427,0,191
dilator_1304.jpg,dilator,161,247,0,236
dilator_1313.jpg,dilator,159,194,0,236
dilator_1322.jpg,dilator,124,159,0,106
dilator_1331.jpg,dilator,126,274,0,107
dilator_1340.jpg,dilator,185,219,0,36
dilator_135.jpg,dilator,318,421,0,164
dilator_1359.jpg,dilator,270,350,0,92
dilator_1368.jpg,dilator,269,295,0,90
dilator_1377.jpg,dilator,316,359,0,146
dilator_1386.jpg,dilator,313,345,0,148
dilator_1395.jpg,dilator,275,352,93,180
dilator_1403.jpg,dilator,277,450,64,178
dilator_1412.jpg,dilator,152,254,0,158
dilator_1421.jpg,dilator,149,162,0,158
dilator_1430.jpg,dilator,185,266,0,118
dilator_144.jpg,dilator,306,323,0,168
dilator_1449.jpg,dilator,365,485,0,143
dilator_1458.jpg,dilator,354,444,0,144
dilator_1467.jpg,dilator,299,319,0,77
dilator_1476.jpg,dilator,312,356,0,69
dilator_1485.jpg,dilator,283,309,0,106
dilator_1494.jpg,dilator,289,508,20,187
dilator_1502.jpg,dilator,294,334,0,181
dilator_1511.jpg,dilator,288,399,8,188
dilator_1520.jpg,dilator,289,437,25,190
dilator_153.jpg,dilator,271,367,11,224
dilator_1539.jpg,dilator,154,248,0,102
dilator_1548.jpg,dilator,152,243,0,102
dilator_1557.jpg,dilator,278,640,152,246
dilator_1566.jpg,dilator,244,403,0,163
dilator_1575.jpg,dilator,244,334,0,163
dilator_1584.jpg,dilator,284,343,54,134
dilator_1593.jpg,dilator,196,249,0,66
dilator_1601.jpg,dilator,195,239,0,65
dilator_1610.jpg,dilator,263,342,0,148
dilator_162.jpg,dilator,272,301,0,218
dilator_1629.jpg,dilator,293,335,89,105
dilator_1638.jpg,dilator,274,470,0,123
dilator_1647.jpg,dilator,257,498,0,204
dilator_1656.jpg,dilator,250,432,0,179
dilator_1665.jpg,dilator,282,401,112,147
dilator_1674.jpg,dilator,282,526,5,145
dilator_1683.jpg,dilator,339,488,0,189
dilator_1692.jpg,dilator,334,387,0,87
dilator_1700.jpg,[],0,0,0,0
dilator_171.jpg,dilator,193,330,0,217
dilator_1719.jpg,dilator,310,486,0,185
dilator_1728.jpg,dilator,313,340,0,74
dilator_1737.jpg,dilator,340,401,0,151
dilator_1746.jpg,dilator,339,392,64,143
dilator_1755.jpg,dilator,266,286,0,160
dilator_1764.jpg,dilator,342,427,0,164
dilator_1773.jpg,dilator,397,497,0,97
dilator_1782.jpg,dilator,362,448,0,184
dilator_1791.jpg,dilator,395,608,0,181
dilator_180.jpg,dilator,165,339,54,168
dilator_1809.jpg,dilator,390,640,37,178
dilator_1818.jpg,dilator,329,610,20,183
dilator_1827.jpg,dilator,247,319,0,90
dilator_1836.jpg,dilator,288,461,0,168
dilator_1845.jpg,dilator,360,547,0,133
dilator_1854.jpg,dilator,401,497,0,171
dilator_1863.jpg,dilator,364,589,60,192
dilator_1872.jpg,dilator,339,398,0,147
dilator_1881.jpg,dilator,338,387,0,143
dilator_1890.jpg,dilator,339,478,0,146
dilator_19.jpg,dilator,220,284,114,207
dilator_1908.jpg,dilator,339,532,0,144
dilator_1917.jpg,dilator,374,424,59,99
dilator_1926.jpg,dilator,370,403,0,98
dilator_1935.jpg,dilator,435,524,0,156
dilator_1944.jpg,dilator,435,558,0,161
dilator_1953.jpg,dilator,397,454,0,101
dilator_1962.jpg,dilator,327,398,0,150
dilator_1971.jpg,dilator,320,372,0,171
dilator_1980.jpg,dilator,306,469,0,216
dilator_199.jpg,dilator,260,428,30,235
dilator_1999.jpg,dilator,269,412,0,141
dilator_2007.jpg,dilator,269,350,0,140
dilator_2016.jpg,dilator,326,394,0,122
dilator_2025.jpg,dilator,321,350,0,121
dilator_2034.jpg,dilator,353,468,0,126
dilator_2043.jpg,dilator,381,467,0,165
dilator_2052.jpg,dilator,377,526,30,166
dilator_2061.jpg,dilator,345,424,0,111
dilator_2070.jpg,dilator,346,439,0,107
dilator_208.jpg,dilator,283,412,0,175
dilator_2089.jpg,dilator,375,549,119,213
dilator_2098.jpg,dilator,377,493,82,216
dilator_2106.jpg,dilator,391,407,0,116
dilator_2115.jpg,dilator,395,532,0,113
dilator_2124.jpg,dilator,374,539,46,152
dilator_2133.jpg,dilator,374,516,46,157
dilator_2142.jpg,dilator,258,511,0,73
dilator_2151.jpg,dilator,313,373,0,222
dilator_2160.jpg,dilator,154,279,0,267
dilator_217.jpg,dilator,286,447,32,177
dilator_2179.jpg,dilator,170,275,0,262
dilator_2188.jpg,dilator,255,276,0,262
dilator_2197.jpg,dilator,376,557,0,249
dilator_2205.jpg,dilator,455,491,41,223
dilator_2214.jpg,dilator,384,502,87,158
dilator_2223.jpg,dilator,301,533,40,163
dilator_2232.jpg,dilator,242,503,10,170
dilator_2241.jpg,dilator,305,623,25,207
dilator_2250.jpg,dilator,364,438,0,202
dilator_226.jpg,dilator,284,455,33,178
dilator_2269.jpg,dilator,343,369,0,151
dilator_2278.jpg,dilator,321,370,0,123
dilator_2287.jpg,dilator,312,333,133,163
dilator_2296.jpg,dilator,318,582,16,178
dilator_2304.jpg,dilator,375,538,0,124
dilator_2313.jpg,dilator,395,612,29,163
dilator_2322.jpg,dilator,296,460,0,208
dilator_2331.jpg,dilator,193,558,53,215
dilator_2340.jpg,dilator,407,589,0,188
dilator_235.jpg,dilator,188,344,0,145
dilator_2359.jpg,dilator,371,389,0,195
dilator_2368.jpg,dilator,290,310,0,189
dilator_2377.jpg,dilator,178,527,49,212
dilator_2386.jpg,dilator,282,637,66,232
dilator_2395.jpg,dilator,292,338,0,217
dilator_2403.jpg,dilator,331,361,0,185
dilator_2412.jpg,dilator,354,375,0,129
dilator_2421.jpg,dilator,377,427,0,213
dilator_2430.jpg,dilator,322,349,0,170
dilator_244.jpg,dilator,186,302,0,147
dilator_2449.jpg,dilator,177,307,0,350
dilator_2458.jpg,dilator,299,430,0,270
dilator_2467.jpg,dilator,385,445,0,243
dilator_2476.jpg,dilator,380,433,0,170
dilator_2485.jpg,dilator,336,418,0,218
dilator_2494.jpg,dilator,262,296,0,112
dilator_2502.jpg,dilator,261,287,0,111
dilator_2511.jpg,dilator,182,279,0,286
dilator_2520.jpg,dilator,158,325,0,228
dilator_253.jpg,dilator,189,238,0,142
dilator_2539.jpg,dilator,351,425,0,178
dilator_2548.jpg,dilator,349,427,17,153
dilator_2557.jpg,dilator,347,392,0,153
dilator_2566.jpg,dilator,318,379,0,231
dilator_2575.jpg,dilator,193,410,0,230
dilator_2584.jpg,dilator,310,524,0,261
dilator_2593.jpg,dilator,316,340,0,217
dilator_2601.jpg,dilator,332,376,162,218
dilator_2610.jpg,dilator,325,346,0,222
dilator_262.jpg,dilator,184,222,0,145
dilator_2629.jpg,dilator,320,351,0,84
dilator_2638.jpg,dilator,374,428,0,197
dilator_2647.jpg,dilator,298,350,0,171
dilator_2656.jpg,dilator,418,441,0,177
dilator_272.jpg,dilator,281,426,6,123
dilator_281.jpg,dilator,285,296,0,123
dilator_290.jpg,dilator,264,411,135,182
dilator_30.jpg,dilator,219,524,199,261
dilator_309.jpg,dilator,202,277,0,216
dilator_318.jpg,dilator,196,220,0,208
dilator_327.jpg,dilator,106,356,79,303
dilator_336.jpg,dilator,260,404,0,160
dilator_345.jpg,dilator,377,640,51,165
dilator_354.jpg,dilator,466,640,153,332
dilator_363.jpg,dilator,264,281,0,202
dilator_372.jpg,dilator,244,284,0,195
dilator_381.jpg,dilator,221,258,0,173
dilator_390.jpg,dilator,205,504,60,170
dilator_40.jpg,dilator,73,518,128,163
dilator_409.jpg,dilator,244,550,135,159
dilator_418.jpg,dilator,232,449,38,158
dilator_427.jpg,dilator,244,368,0,175
dilator_436.jpg,dilator,241,388,0,174
dilator_445.jpg,dilator,277,453,96,217
dilator_454.jpg,dilator,226,456,64,202
dilator_463.jpg,dilator,265,458,93,197
dilator_472.jpg,dilator,195,321,2,120
dilator_481.jpg,dilator,208,469,67,111
dilator_490.jpg,dilator,229,517,165,204
dilator_50.jpg,dilator,497,619,0,194
dilator_509.jpg,dilator,232,448,79,223
dilator_518.jpg,dilator,283,469,91,198
dilator_527.jpg,dilator,283,467,106,196
dilator_536.jpg,dilator,261,457,97,194
dilator_545.jpg,dilator,260,356,44,203
dilator_554.jpg,dilator,306,530,33,209
dilator_563.jpg,dilator,302,551,10,169
dilator_572.jpg,dilator,361,528,0,125
dilator_581.jpg,dilator,402,640,63,128
dilator_590.jpg,dilator,248,558,2,185
dilator_60.jpg,dilator,389,511,0,334
dilator_609.jpg,dilator,335,406,0,232
dilator_618.jpg,dilator,219,327,0,144
dilator_627.jpg,dilator,321,424,0,196
dilator_636.jpg,dilator,287,381,0,194
dilator_645.jpg,dilator,288,350,0,190
dilator_654.jpg,dilator,224,330,0,203
dilator_663.jpg,dilator,184,246,0,113
dilator_672.jpg,dilator,181,255,0,114
dilator_681.jpg,dilator,260,345,0,129
dilator_690.jpg,dilator,260,295,0,128
dilator_70.jpg,dilator,264,464,48,122
dilator_709.jpg,dilator,262,354,0,163
dilator_718.jpg,dilator,142,284,0,153
dilator_727.jpg,dilator,251,287,31,159
dilator_736.jpg,dilator,256,395,32,239
dilator_745.jpg,dilator,253,423,83,238
dilator_754.jpg,dilator,248,321,0,324
dilator_763.jpg,dilator,280,394,107,165
dilator_772.jpg,dilator,290,398,0,139
dilator_781.jpg,dilator,271,423,24,122
dilator_790.jpg,dilator,308,365,0,186
dilator_80.jpg,dilator,266,347,118,146
dilator_809.jpg,dilator,181,324,28,132
dilator_818.jpg,dilator,238,268,0,121
dilator_827.jpg,dilator,238,259,0,121
dilator_836.jpg,dilator,231,400,102,177
dilator_845.jpg,dilator,234,339,90,177
dilator_854.jpg,dilator,95,195,0,93
dilator_863.jpg,dilator,97,270,0,91
dilator_872.jpg,dilator,258,385,72,203
dilator_881.jpg,dilator,263,365,0,149
dilator_890.jpg,dilator,254,322,0,148
dilator_90.jpg,dilator,306,640,232,261
dilator_909.jpg,dilator,276,318,0,166
dilator_918.jpg,dilator,275,313,117,159
dilator_927.jpg,dilator,362,504,0,130
dilator_936.jpg,dilator,359,463,0,135
dilator_945.jpg,dilator,360,390,90,128
dilator_954.jpg,dilator,297,413,0,182
dilator_963.jpg,dilator,294,338,26,179
dilator_972.jpg,dilator,207,405,5,254
dilator_981.jpg,dilator,202,429,0,257
dilator_990.jpg,dilator,129,166,0,81
guidewire_09.jpg,guidewire,326,387,0,137
guidewire_1007.jpg,guidewire,333,544,3,180
guidewire_1016.jpg,guidewire,299,640,1,56
guidewire_1025.jpg,guidewire,170,640,37,191
guidewire_1034.jpg,guidewire,61,640,86,127
guidewire_1043.jpg,guidewire,176,222,0,101
guidewire_1052.jpg,[],0,0,0,0
guidewire_1061.jpg,guidewire,291,410,0,189
guidewire_1070.jpg,guidewire,270,409,0,220
guidewire_108.jpg,guidewire,161,235,0,274
guidewire_1089.jpg,guidewire,246,321,0,147
guidewire_1098.jpg,guidewire,306,335,0,131
guidewire_1106.jpg,guidewire,266,303,0,156
guidewire_1115.jpg,guidewire,205,263,0,162
guidewire_1124.jpg,guidewire,211,237,0,90
guidewire_1133.jpg,guidewire,270,336,0,179
guidewire_1142.jpg,guidewire,337,428,0,148
guidewire_1151.jpg,guidewire,326,390,0,92
guidewire_1160.jpg,guidewire,271,305,0,57
guidewire_117.jpg,guidewire,255,424,2,330
guidewire_1179.jpg,guidewire,256,368,0,168
guidewire_1188.jpg,guidewire,235,383,0,128
guidewire_1197.jpg,guidewire,80,640,69,171
guidewire_1205.jpg,guidewire,23,639,0,127
guidewire_1214.jpg,guidewire,0,639,13,198
guidewire_1223.jpg,guidewire,270,598,0,156
guidewire_1232.jpg,guidewire,275,487,0,153
guidewire_1241.jpg,guidewire,267,640,117,254
guidewire_1250.jpg,guidewire,213,640,66,118
guidewire_126.jpg,guidewire,244,252,0,163
guidewire_1269.jpg,guidewire,0,640,103,126
guidewire_1278.jpg,guidewire,98,640,81,130
guidewire_1287.jpg,guidewire,235,360,6,129
guidewire_1296.jpg,guidewire,263,430,0,124
guidewire_1304.jpg,guidewire,278,345,0,75
guidewire_1313.jpg,guidewire,234,319,0,99
guidewire_1322.jpg,guidewire,283,403,23,167
guidewire_1331.jpg,[],0,0,0,0
guidewire_1340.jpg,guidewire,165,640,2,159
guidewire_135.jpg,guidewire,177,189,0,89
guidewire_1359.jpg,guidewire,223,570,0,129
guidewire_1368.jpg,guidewire,112,640,50,278
guidewire_1377.jpg,guidewire,103,640,25,210
guidewire_1386.jpg,guidewire,196,462,0,105
guidewire_1395.jpg,guidewire,244,365,0,147
guidewire_1403.jpg,guidewire,281,340,0,146
guidewire_1412.jpg,guidewire,0,640,74,307
guidewire_1421.jpg,guidewire,0,507,0,246
guidewire_1430.jpg,guidewire,0,607,0,156
guidewire_144.jpg,guidewire,269,297,0,130
guidewire_1449.jpg,guidewire,1,640,132,270
guidewire_1458.jpg,guidewire,29,519,3,243
guidewire_1467.jpg,guidewire,0,528,139,227
guidewire_1476.jpg,guidewire,1,510,75,300
guidewire_1485.jpg,guidewire,0,639,181,213
guidewire_1494.jpg,guidewire,0,640,66,240
guidewire_1502.jpg,guidewire,1,639,90,277
guidewire_1511.jpg,guidewire,2,640,195,211
guidewire_1520.jpg,guidewire,243,640,0,40
guidewire_153.jpg,guidewire,266,277,0,184
guidewire_1539.jpg,guidewire,33,640,112,137
guidewire_1548.jpg,guidewire,1,640,17,72
guidewire_1557.jpg,guidewire,0,639,21,114
guidewire_1566.jpg,guidewire,0,640,22,211
guidewire_1575.jpg,guidewire,63,640,111,166
guidewire_1584.jpg,guidewire,87,640,130,172
guidewire_1593.jpg,guidewire,118,640,154,186
guidewire_1601.jpg,guidewire,0,639,82,159
guidewire_1610.jpg,guidewire,117,640,77,285
guidewire_162.jpg,guidewire,271,285,0,200
guidewire_1629.jpg,guidewire,7,640,1,241
guidewire_1638.jpg,guidewire,345,377,0,228
guidewire_1647.jpg,guidewire,334,365,0,210
guidewire_1656.jpg,guidewire,373,578,0,152
guidewire_1665.jpg,guidewire,386,621,52,158
guidewire_1674.jpg,guidewire,354,602,18,109
guidewire_1683.jpg,guidewire,326,568,49,144
guidewire_1692.jpg,guidewire,315,640,30,159
guidewire_1700.jpg,guidewire,366,640,33,143
guidewire_171.jpg,guidewire,221,237,0,175
guidewire_1719.jpg,guidewire,317,553,0,113
guidewire_1728.jpg,guidewire,353,617,0,133
guidewire_1737.jpg,guidewire,336,640,20,188
guidewire_1746.jpg,guidewire,316,586,0,139
guidewire_1755.jpg,guidewire,317,562,0,131
guidewire_1764.jpg,guidewire,327,589,0,146
guidewire_1773.jpg,guidewire,358,640,25,165
guidewire_1782.jpg,guidewire,374,640,10,151
guidewire_1791.jpg,guidewire,1,615,55,66
guidewire_180.jpg,guidewire,217,242,0,177
guidewire_1809.jpg,guidewire,1,640,115,125
guidewire_1818.jpg,guidewire,0,640,144,163
guidewire_1827.jpg,guidewire,1,640,105,145
guidewire_1836.jpg,guidewire,0,640,113,159
guidewire_1845.jpg,guidewire,2,638,88,164
guidewire_1854.jpg,guidewire,57,640,140,173
guidewire_1863.jpg,guidewire,2,640,114,174
guidewire_1872.jpg,guidewire,148,640,9,77
guidewire_1881.jpg,guidewire,2,640,80,188
guidewire_1890.jpg,guidewire,0,631,108,223
guidewire_19.jpg,guidewire,331,640,47,137
guidewire_1908.jpg,guidewire,1,640,99,406
guidewire_1917.jpg,guidewire,85,540,2,355
guidewire_1926.jpg,guidewire,110,639,0,384
guidewire_1935.jpg,guidewire,565,640,1,16
guidewire_1944.jpg,guidewire,0,639,131,248
guidewire_1953.jpg,guidewire,43,640,135,158
guidewire_1962.jpg,guidewire,232,640,1,136
guidewire_1971.jpg,guidewire,212,629,1,348
guidewire_1980.jpg,guidewire,307,640,1,282
guidewire_199.jpg,guidewire,343,640,14,144
guidewire_1999.jpg,guidewire,1,640,132,253
guidewire_2007.jpg,guidewire,0,639,44,232
guidewire_2016.jpg,guidewire,1,640,43,230
guidewire_2025.jpg,guidewire,1,640,25,446
guidewire_2034.jpg,guidewire,2,640,27,183
guidewire_2043.jpg,guidewire,1,640,174,203
guidewire_2052.jpg,guidewire,0,638,137,182
guidewire_2061.jpg,guidewire,74,640,157,210
guidewire_2070.jpg,guidewire,1,640,150,246
guidewire_208.jpg,guidewire,343,502,0,141
guidewire_2089.jpg,guidewire,107,640,0,454
guidewire_2098.jpg,guidewire,45,640,0,366
guidewire_2106.jpg,guidewire,88,640,28,139
guidewire_2115.jpg,guidewire,373,525,71,145
guidewire_2124.jpg,guidewire,383,640,77,167
guidewire_2133.jpg,guidewire,344,640,39,159
guidewire_2142.jpg,guidewire,296,627,0,132
guidewire_2151.jpg,guidewire,324,473,9,76
guidewire_2160.jpg,guidewire,400,569,43,122
guidewire_217.jpg,guidewire,342,465,0,140
guidewire_2179.jpg,guidewire,252,488,0,109
guidewire_2188.jpg,guidewire,138,640,51,81
guidewire_2197.jpg,guidewire,239,640,0,233
guidewire_2205.jpg,guidewire,250,640,0,327
guidewire_2214.jpg,guidewire,116,640,1,167
guidewire_2223.jpg,guidewire,195,640,1,304
guidewire_2232.jpg,guidewire,291,582,0,480
guidewire_2241.jpg,guidewire,336,640,2,417
guidewire_2250.jpg,guidewire,1,640,22,204
guidewire_226.jpg,guidewire,338,429,0,142
guidewire_2269.jpg,guidewire,263,414,19,135
guidewire_2278.jpg,guidewire,346,542,0,131
guidewire_2287.jpg,guidewire,380,545,0,170
guidewire_2296.jpg,guidewire,375,510,0,185
guidewire_2304.jpg,guidewire,368,519,0,179
guidewire_2313.jpg,guidewire,331,371,0,212
guidewire_2322.jpg,guidewire,337,372,0,216
guidewire_2331.jpg,guidewire,284,328,0,161
guidewire_2340.jpg,guidewire,226,246,0,340
guidewire_235.jpg,guidewire,338,389,53,138
guidewire_2359.jpg,guidewire,183,197,0,134
guidewire_2368.jpg,guidewire,179,205,0,259
guidewire_2377.jpg,guidewire,452,462,0,145
guidewire_2386.jpg,guidewire,386,417,0,214
guidewire_2395.jpg,guidewire,279,305,0,152
guidewire_2403.jpg,guidewire,240,267,0,238
guidewire_2412.jpg,guidewire,346,360,0,208
guidewire_2421.jpg,guidewire,264,274,0,94
guidewire_2430.jpg,guidewire,181,220,0,97
guidewire_244.jpg,guidewire,336,371,0,133
guidewire_2449.jpg,guidewire,0,98,169,384
guidewire_2458.jpg,guidewire,32,134,0,360
guidewire_2467.jpg,guidewire,371,390,1,358
guidewire_2476.jpg,guidewire,481,493,1,202
guidewire_2485.jpg,guidewire,355,367,1,209
guidewire_2494.jpg,guidewire,325,346,0,206
guidewire_2502.jpg,guidewire,329,340,2,182
guidewire_258.jpg,[],0,0,0,0
guidewire_267.jpg,guidewire,409,483,0,85
guidewire_276.jpg,guidewire,238,557,0,338
guidewire_285.jpg,guidewire,245,640,2,320
guidewire_294.jpg,guidewire,248,640,37,357
guidewire_303.jpg,guidewire,220,477,0,278
guidewire_312.jpg,guidewire,2,640,52,147
guidewire_321.jpg,guidewire,0,639,56,353
guidewire_330.jpg,guidewire,0,640,104,375
guidewire_34.jpg,guidewire,331,513,0,138
guidewire_349.jpg,guidewire,393,595,0,181
guidewire_358.jpg,guidewire,221,456,0,249
guidewire_367.jpg,guidewire,200,467,0,279
guidewire_376.jpg,guidewire,406,481,0,94
guidewire_385.jpg,guidewire,184,432,0,364
guidewire_394.jpg,guidewire,156,417,0,370
guidewire_403.jpg,guidewire,330,640,33,162
guidewire_412.jpg,guidewire,330,611,0,161
guidewire_421.jpg,guidewire,334,574,0,159
guidewire_430.jpg,guidewire,334,506,0,157
guidewire_44.jpg,guidewire,369,495,0,111
guidewire_449.jpg,guidewire,348,434,0,115
guidewire_458.jpg,guidewire,228,344,0,146
guidewire_467.jpg,guidewire,87,640,126,224
guidewire_476.jpg,guidewire,46,640,126,219
guidewire_485.jpg,guidewire,218,352,0,103
guidewire_494.jpg,guidewire,72,640,147,205
guidewire_503.jpg,guidewire,216,484,0,182
guidewire_512.jpg,guidewire,211,594,18,222
guidewire_521.jpg,guidewire,289,547,0,183
guidewire_530.jpg,guidewire,248,384,0,136
guidewire_54.jpg,guidewire,171,226,0,148
guidewire_549.jpg,guidewire,216,318,0,153
guidewire_558.jpg,guidewire,151,214,0,120
guidewire_567.jpg,guidewire,247,263,0,137
guidewire_576.jpg,guidewire,276,331,0,173
guidewire_585.jpg,guidewire,320,386,0,214
guidewire_594.jpg,guidewire,301,346,0,220
guidewire_603.jpg,guidewire,270,316,0,169
guidewire_612.jpg,guidewire,350,640,116,163
guidewire_621.jpg,guidewire,353,640,117,162
guidewire_630.jpg,guidewire,348,640,118,168
guidewire_64.jpg,guidewire,288,322,0,118
guidewire_649.jpg,guidewire,355,640,50,133
guidewire_658.jpg,guidewire,355,640,20,131
guidewire_667.jpg,guidewire,370,534,38,67
guidewire_676.jpg,guidewire,1,590,14,27
guidewire_685.jpg,guidewire,2,521,99,277
guidewire_694.jpg,guidewire,1,451,35,124
guidewire_703.jpg,guidewire,189,640,55,169
guidewire_712.jpg,guidewire,124,494,75,188
guidewire_721.jpg,guidewire,142,528,76,177
guidewire_730.jpg,guidewire,160,529,52,144
guidewire_74.jpg,guidewire,283,326,0,188
guidewire_749.jpg,guidewire,7,350,28,83
guidewire_758.jpg,guidewire,151,459,46,90
guidewire_767.jpg,guidewire,228,489,43,126
guidewire_776.jpg,[],0,0,0,0
guidewire_785.jpg,guidewire,243,313,0,86
guidewire_794.jpg,guidewire,286,459,0,164
guidewire_803.jpg,guidewire,272,479,0,166
guidewire_812.jpg,guidewire,319,461,0,115
guidewire_821.jpg,guidewire,314,487,0,128
guidewire_830.jpg,guidewire,257,568,0,228
guidewire_84.jpg,guidewire,177,224,0,185
guidewire_849.jpg,guidewire,366,539,0,99
guidewire_858.jpg,guidewire,369,588,0,169
guidewire_867.jpg,guidewire,292,461,0,160
guidewire_876.jpg,guidewire,291,454,0,168
guidewire_885.jpg,guidewire,360,562,0,136
guidewire_894.jpg,guidewire,354,536,0,141
guidewire_903.jpg,guidewire,356,640,64,137
guidewire_912.jpg,guidewire,363,557,34,141
guidewire_921.jpg,guidewire,354,586,0,136
guidewire_930.jpg,guidewire,332,529,36,128
guidewire_94.jpg,guidewire,192,202,0,90
guidewire_949.jpg,guidewire,2,468,0,162
guidewire_958.jpg,guidewire,22,638,28,249
guidewire_967.jpg,guidewire,0,194,14,38
guidewire_976.jpg,guidewire,0,640,104,157
guidewire_985.jpg,guidewire,2,640,39,94
guidewire_994.jpg,guidewire,122,406,0,192
guidewire_casing_09.jpg,guidewire_casing,169,640,0,229
guidewire_casing_1007.jpg,guidewire_casing,5,364,0,139
guidewire_casing_1016.jpg,guidewire_casing,263,640,2,278
guidewire_casing_1025.jpg,guidewire_casing,304,640,44,349
guidewire_casing_1034.jpg,guidewire_casing,159,398,0,178
guidewire_casing_1043.jpg,guidewire_casing,311,388,0,123
guidewire_casing_1052.jpg,guidewire_casing,317,425,0,150
guidewire_casing_1061.jpg,guidewire_casing,274,640,1,207
guidewire_casing_1070.jpg,guidewire_casing,257,640,1,324
guidewire_casing_108.jpg,guidewire_casing,126,640,1,254
guidewire_casing_1089.jpg,guidewire_casing,343,636,0,83
guidewire_casing_1098.jpg,guidewire_casing,202,640,64,289
guidewire_casing_1106.jpg,guidewire_casing,276,640,14,433
guidewire_casing_1115.jpg,guidewire_casing,332,583,56,480
guidewire_casing_1124.jpg,guidewire_casing,169,359,34,480
guidewire_casing_1133.jpg,guidewire_casing,275,640,17,424
guidewire_casing_1142.jpg,guidewire_casing,286,512,85,480
guidewire_casing_1151.jpg,guidewire_casing,398,640,1,224
guidewire_casing_1160.jpg,guidewire_casing,331,490,1,181
guidewire_casing_117.jpg,guidewire_casing,218,623,3,206
guidewire_casing_1179.jpg,guidewire_casing,210,608,0,166
guidewire_casing_1188.jpg,guidewire_casing,291,640,1,350
guidewire_casing_1197.jpg,guidewire_casing,0,297,0,84
guidewire_casing_1205.jpg,guidewire_casing,259,298,0,102
guidewire_casing_1214.jpg,guidewire_casing,86,401,0,167
guidewire_casing_1223.jpg,guidewire_casing,195,448,0,190
guidewire_casing_1232.jpg,[],0,0,0,0
guidewire_casing_1241.jpg,guidewire_casing,491,545,0,64
guidewire_casing_1250.jpg,guidewire_casing,271,531,0,201
guidewire_casing_126.jpg,guidewire_casing,183,640,0,238
guidewire_casing_1269.jpg,guidewire_casing,306,480,0,156
guidewire_casing_1278.jpg,guidewire_casing,313,465,12,164
guidewire_casing_1287.jpg,guidewire_casing,365,477,0,134
guidewire_casing_1296.jpg,guidewire_casing,348,477,0,186
guidewire_casing_1304.jpg,guidewire_casing,430,497,0,89
guidewire_casing_1313.jpg,guidewire_casing,402,517,0,140
guidewire_casing_1322.jpg,guidewire_casing,324,445,0,126
guidewire_casing_1331.jpg,guidewire_casing,329,526,0,185
guidewire_casing_1340.jpg,guidewire_casing,293,417,0,120
guidewire_casing_135.jpg,guidewire_casing,323,480,0,113
guidewire_casing_1359.jpg,guidewire_casing,379,481,0,160
guidewire_casing_1368.jpg,guidewire_casing,318,387,0,138
guidewire_casing_1377.jpg,guidewire_casing,351,429,0,135
guidewire_casing_1386.jpg,guidewire_casing,378,483,0,150
guidewire_casing_1395.jpg,guidewire_casing,339,407,0,114
guidewire_casing_1403.jpg,guidewire_casing,323,380,0,154
guidewire_casing_1412.jpg,guidewire_casing,335,385,0,132
guidewire_casing_1421.jpg,guidewire_casing,156,460,0,182
guidewire_casing_1430.jpg,guidewire_casing,109,422,0,199
guidewire_casing_144.jpg,guidewire_casing,49,621,0,262
guidewire_casing_1449.jpg,guidewire_casing,295,440,0,130
guidewire_casing_1458.jpg,guidewire_casing,349,479,0,110
guidewire_casing_1467.jpg,guidewire_casing,300,611,0,173
guidewire_casing_1476.jpg,guidewire_casing,322,640,1,249
guidewire_casing_1485.jpg,guidewire_casing,282,640,1,225
guidewire_casing_1494.jpg,guidewire_casing,350,640,2,248
guidewire_casing_1502.jpg,guidewire_casing,304,640,1,229
guidewire_casing_1511.jpg,guidewire_casing,363,640,0,313
guidewire_casing_1520.jpg,guidewire_casing,409,640,1,272
guidewire_casing_153.jpg,guidewire_casing,275,640,1,184
guidewire_casing_1539.jpg,guidewire_casing,313,640,5,401
guidewire_casing_1548.jpg,guidewire_casing,357,640,1,349
guidewire_casing_1557.jpg,guidewire_casing,312,640,2,380
guidewire_casing_1566.jpg,guidewire_casing,341,640,1,361
guidewire_casing_1575.jpg,guidewire_casing,406,640,52,239
guidewire_casing_1584.jpg,guidewire_casing,408,640,53,218
guidewire_casing_1593.jpg,guidewire_casing,409,640,58,277
guidewire_casing_1601.jpg,guidewire_casing,408,640,60,336
guidewire_casing_1610.jpg,guidewire_casing,405,640,43,242
guidewire_casing_162.jpg,guidewire_casing,191,640,2,296
guidewire_casing_1629.jpg,guidewire_casing,403,640,56,138
guidewire_casing_1638.jpg,guidewire_casing,382,640,64,415
guidewire_casing_1647.jpg,guidewire_casing,325,640,97,480
guidewire_casing_1656.jpg,guidewire_casing,404,640,102,467
guidewire_casing_1665.jpg,guidewire_casing,402,640,20,462
guidewire_casing_1674.jpg,guidewire_casing,257,640,67,480
guidewire_casing_1683.jpg,guidewire_casing,367,640,89,423
guidewire_casing_1692.jpg,guidewire_casing,310,520,0,170
guidewire_casing_1700.jpg,guidewire_casing,217,450,0,170
guidewire_casing_171.jpg,guidewire_casing,209,640,1,290
guidewire_casing_1719.jpg,guidewire_casing,424,640,90,445
guidewire_casing_1728.jpg,guidewire_casing,333,640,42,432
guidewire_casing_1737.jpg,guidewire_casing,203,640,1,475
guidewire_casing_1746.jpg,guidewire_casing,270,640,3,364
guidewire_casing_1755.jpg,guidewire_casing,369,640,44,376
guidewire_casing_1764.jpg,guidewire_casing,400,640,75,384
guidewire_casing_1773.jpg,guidewire_casing,452,640,57,288
guidewire_casing_1782.jpg,guidewire_casing,457,640,71,278
guidewire_casing_1791.jpg,guidewire_casing,426,640,79,303
guidewire_casing_180.jpg,guidewire_casing,207,640,3,396
guidewire_casing_1809.jpg,guidewire_casing,364,640,57,279
guidewire_casing_1818.jpg,guidewire_casing,381,640,43,262
guidewire_casing_1827.jpg,guidewire_casing,318,640,18,277
guidewire_casing_1836.jpg,guidewire_casing,398,640,43,261
guidewire_casing_1845.jpg,guidewire_casing,388,640,11,269
guidewire_casing_1854.jpg,guidewire_casing,365,640,34,292
guidewire_casing_1863.jpg,guidewire_casing,332,640,120,472
guidewire_casing_1872.jpg,guidewire_casing,372,640,74,388
guidewire_casing_1881.jpg,guidewire_casing,328,640,50,366
guidewire_casing_1890.jpg,guidewire_casing,342,640,32,420
guidewire_casing_19.jpg,guidewire_casing,42,633,4,275
guidewire_casing_1908.jpg,guidewire_casing,280,513,146,480
guidewire_casing_1917.jpg,guidewire_casing,350,596,103,480
guidewire_casing_1926.jpg,guidewire_casing,341,640,79,456
guidewire_casing_1935.jpg,guidewire_casing,324,640,117,452
guidewire_casing_1944.jpg,guidewire_casing,423,640,111,361
guidewire_casing_1953.jpg,guidewire_casing,361,625,150,480
guidewire_casing_1962.jpg,guidewire_casing,365,624,0,128
guidewire_casing_1971.jpg,guidewire_casing,330,567,1,88
guidewire_casing_1980.jpg,guidewire_casing,405,640,36,354
guidewire_casing_199.jpg,guidewire_casing,232,640,34,384
guidewire_casing_1999.jpg,guidewire_casing,385,640,0,162
guidewire_casing_2007.jpg,guidewire_casing,386,640,118,164
guidewire_casing_2016.jpg,guidewire_casing,421,640,78,263
guidewire_casing_2025.jpg,guidewire_casing,432,640,53,302
guidewire_casing_2034.jpg,guidewire_casing,284,640,2,244
guidewire_casing_2043.jpg,guidewire_casing,262,640,0,347
guidewire_casing_2052.jpg,guidewire_casing,149,599,0,296
guidewire_casing_2061.jpg,guidewire_casing,142,640,1,208
guidewire_casing_2070.jpg,guidewire_casing,246,604,1,169
guidewire_casing_208.jpg,guidewire_casing,250,640,0,187
guidewire_casing_2089.jpg,guidewire_casing,267,608,0,105
guidewire_casing_2098.jpg,guidewire_casing,348,588,0,122
guidewire_casing_2106.jpg,guidewire_casing,334,542,39,109
guidewire_casing_2115.jpg,guidewire_casing,351,640,1,476
guidewire_casing_2124.jpg,guidewire_casing,583,640,51,347
guidewire_casing_2133.jpg,guidewire_casing,461,640,16,477
guidewire_casing_2142.jpg,guidewire_casing,346,547,27,480
guidewire_casing_2151.jpg,guidewire_casing,0,365,0,206
guidewire_casing_2160.jpg,guidewire_casing,185,276,1,212
guidewire_casing_217.jpg,guidewire_casing,269,640,13,293
guidewire_casing_2179.jpg,guidewire_casing,102,429,0,229
guidewire_casing_2188.jpg,guidewire_casing,239,341,0,130
guidewire_casing_2197.jpg,guidewire_casing,206,640,26,303
guidewire_casing_2205.jpg,guidewire_casing,396,600,115,480
guidewire_casing_2214.jpg,guidewire_casing,354,640,66,301
guidewire_casing_2223.jpg,guidewire_casing,275,640,1,279
guidewire_casing_2232.jpg,guidewire_casing,321,640,1,244
guidewire_casing_2241.jpg,guidewire_casing,379,451,0,128
guidewire_casing_2250.jpg,guidewire_casing,371,484,0,138
guidewire_casing_226.jpg,guidewire_casing,265,640,0,270
guidewire_casing_2269.jpg,guidewire_casing,339,382,0,187
guidewire_casing_2278.jpg,guidewire_casing,383,413,0,142
guidewire_casing_2287.jpg,guidewire_casing,200,436,2,155
guidewire_casing_2296.jpg,guidewire_casing,29,365,1,243
guidewire_casing_2304.jpg,guidewire_casing,361,413,0,101
guidewire_casing_2313.jpg,guidewire_casing,313,509,0,165
guidewire_casing_2322.jpg,guidewire_casing,351,615,0,202
guidewire_casing_2331.jpg,guidewire_casing,445,640,0,188
guidewire_casing_2340.jpg,guidewire_casing,419,640,0,162
guidewire_casing_235.jpg,guidewire_casing,248,640,0,250
guidewire_casing_2359.jpg,guidewire_casing,416,640,0,184
guidewire_casing_2368.jpg,guidewire_casing,398,600,0,175
guidewire_casing_2377.jpg,guidewire_casing,389,615,0,139
guidewire_casing_2386.jpg,guidewire_casing,413,640,61,187
guidewire_casing_2395.jpg,guidewire_casing,413,640,78,470
guidewire_casing_2403.jpg,guidewire_casing,385,640,61,475
guidewire_casing_2412.jpg,guidewire_casing,344,640,26,451
guidewire_casing_2421.jpg,guidewire_casing,354,640,105,468
guidewire_casing_2430.jpg,guidewire_casing,287,640,196,480
guidewire_casing_244.jpg,guidewire_casing,300,639,0,281
guidewire_casing_2449.jpg,guidewire_casing,392,640,130,407
guidewire_casing_2458.jpg,guidewire_casing,392,640,133,392
guidewire_casing_2467.jpg,guidewire_casing,375,640,93,373
guidewire_casing_2476.jpg,guidewire_casing,379,640,153,401
guidewire_casing_2485.jpg,guidewire_casing,307,640,156,435
guidewire_casing_2494.jpg,guidewire_casing,114,530,105,480
guidewire_casing_2502.jpg,guidewire_casing,242,640,2,454
guidewire_casing_2511.jpg,guidewire_casing,302,640,2,394
guidewire_casing_256.jpg,guidewire_casing,322,640,0,282
guidewire_casing_265.jpg,guidewire_casing,274,640,0,167
guidewire_casing_274.jpg,guidewire_casing,286,330,0,207
guidewire_casing_283.jpg,guidewire_casing,118,373,0,254
guidewire_casing_292.jpg,guidewire_casing,317,368,0,144
guidewire_casing_301.jpg,guidewire_casing,143,385,1,200
guidewire_casing_310.jpg,guidewire_casing,322,364,0,165
guidewire_casing_32.jpg,guidewire_casing,160,640,0,233
guidewire_casing_329.jpg,guidewire_casing,257,544,0,174
guidewire_casing_338.jpg,guidewire_casing,271,640,0,222
guidewire_casing_347.jpg,guidewire_casing,209,640,0,313
guidewire_casing_356.jpg,guidewire_casing,200,640,0,223
guidewire_casing_365.jpg,guidewire_casing,258,640,0,242
guidewire_casing_374.jpg,guidewire_casing,165,640,0,294
guidewire_casing_383.jpg,guidewire_casing,263,640,0,241
guidewire_casing_392.jpg,guidewire_casing,284,640,0,224
guidewire_casing_401.jpg,guidewire_casing,191,640,0,192
guidewire_casing_410.jpg,guidewire_casing,141,640,0,197
guidewire_casing_42.jpg,guidewire_casing,210,640,0,283
guidewire_casing_429.jpg,guidewire_casing,223,640,0,211
guidewire_casing_438.jpg,guidewire_casing,162,640,0,200
guidewire_casing_447.jpg,guidewire_casing,207,470,0,214
guidewire_casing_456.jpg,guidewire_casing,230,514,0,158
guidewire_casing_465.jpg,guidewire_casing,182,460,0,171
guidewire_casing_474.jpg,guidewire_casing,247,499,0,200
guidewire_casing_483.jpg,guidewire_casing,308,544,0,69
guidewire_casing_492.jpg,guidewire_casing,233,269,0,157
guidewire_casing_501.jpg,guidewire_casing,129,238,0,154
guidewire_casing_510.jpg,guidewire_casing,248,640,0,200
guidewire_casing_52.jpg,[],0,0,0,0
guidewire_casing_529.jpg,guidewire_casing,269,636,2,179
guidewire_casing_538.jpg,guidewire_casing,253,640,0,180
guidewire_casing_547.jpg,guidewire_casing,276,627,0,244
guidewire_casing_556.jpg,guidewire_casing,119,626,0,243
guidewire_casing_565.jpg,guidewire_casing,218,631,0,218
guidewire_casing_574.jpg,guidewire_casing,154,619,0,132
guidewire_casing_583.jpg,guidewire_casing,172,391,0,231
guidewire_casing_592.jpg,guidewire_casing,168,640,0,146
guidewire_casing_601.jpg,guidewire_casing,291,640,0,282
guidewire_casing_610.jpg,guidewire_casing,164,640,0,194
guidewire_casing_62.jpg,guidewire_casing,349,639,2,266
guidewire_casing_629.jpg,guidewire_casing,209,640,0,207
guidewire_casing_638.jpg,guidewire_casing,287,640,0,131
guidewire_casing_647.jpg,guidewire_casing,220,640,1,169
guidewire_casing_656.jpg,guidewire_casing,232,640,1,288
guidewire_casing_665.jpg,guidewire_casing,265,640,57,480
guidewire_casing_674.jpg,guidewire_casing,241,640,41,409
guidewire_casing_683.jpg,guidewire_casing,314,361,0,107
guidewire_casing_692.jpg,guidewire_casing,42,460,0,171
guidewire_casing_701.jpg,guidewire_casing,84,421,0,156
guidewire_casing_710.jpg,guidewire_casing,242,316,0,164
guidewire_casing_72.jpg,guidewire_casing,258,640,23,311
guidewire_casing_729.jpg,guidewire_casing,87,515,0,221
guidewire_casing_738.jpg,guidewire_casing,321,526,94,480
guidewire_casing_747.jpg,guidewire_casing,321,640,0,457
guidewire_casing_756.jpg,guidewire_casing,394,640,1,380
guidewire_casing_765.jpg,guidewire_casing,215,540,1,480
guidewire_casing_774.jpg,guidewire_casing,306,630,2,480
guidewire_casing_783.jpg,guidewire_casing,244,381,0,102
guidewire_casing_792.jpg,guidewire_casing,239,405,0,115
guidewire_casing_801.jpg,guidewire_casing,321,478,0,133
guidewire_casing_810.jpg,guidewire_casing,148,502,2,236
guidewire_casing_82.jpg,guidewire_casing,187,640,32,321
guidewire_casing_829.jpg,guidewire_casing,343,508,44,480
guidewire_casing_838.jpg,guidewire_casing,347,640,11,437
guidewire_casing_847.jpg,guidewire_casing,358,640,1,330
guidewire_casing_856.jpg,guidewire_casing,310,640,0,397
guidewire_casing_865.jpg,guidewire_casing,311,640,37,315
guidewire_casing_874.jpg,guidewire_casing,306,386,2,87
guidewire_casing_883.jpg,guidewire_casing,95,401,0,184
guidewire_casing_892.jpg,guidewire_casing,272,326,0,103
guidewire_casing_901.jpg,guidewire_casing,326,640,1,480
guidewire_casing_910.jpg,guidewire_casing,310,488,128,351
guidewire_casing_92.jpg,guidewire_casing,237,640,1,284
guidewire_casing_929.jpg,guidewire_casing,268,311,0,84
guidewire_casing_938.jpg,guidewire_casing,311,368,0,120
guidewire_casing_947.jpg,guidewire_casing,0,336,0,187
guidewire_casing_956.jpg,guidewire_casing,0,468,0,194
guidewire_casing_965.jpg,guidewire_casing,213,640,2,285
guidewire_casing_974.jpg,guidewire_casing,293,345,0,94
guidewire_casing_983.jpg,guidewire_casing,112,416,1,149
guidewire_casing_992.jpg,guidewire_casing,319,374,0,125
scalpel_10.jpg,scalpel,275,481,162,223
scalpel_10007.jpg,scalpel,252,295,0,138
scalpel_10016.jpg,scalpel,154,243,0,204
scalpel_10025.jpg,scalpel,271,528,68,202
scalpel_10034.jpg,scalpel,234,326,0,123
scalpel_10043.jpg,scalpel,202,362,0,90
scalpel_10052.jpg,scalpel,327,547,0,149
scalpel_10061.jpg,scalpel,385,429,55,163
scalpel_10070.jpg,scalpel,156,227,0,161
scalpel_1008.jpg,scalpel,260,406,0,141
scalpel_10089.jpg,scalpel,400,555,30,296
scalpel_10098.jpg,scalpel,268,310,0,185
scalpel_10106.jpg,scalpel,175,223,0,131
scalpel_10115.jpg,scalpel,75,134,0,298
scalpel_10124.jpg,scalpel,223,434,29,111
scalpel_10133.jpg,scalpel,351,490,244,303
scalpel_10142.jpg,scalpel,281,404,47,277
scalpel_10151.jpg,scalpel,303,423,0,104
scalpel_10160.jpg,scalpel,398,527,41,353
scalpel_1017.jpg,scalpel,235,362,0,149
scalpel_10179.jpg,scalpel,381,446,0,264
scalpel_10188.jpg,scalpel,213,251,0,145
scalpel_10197.jpg,scalpel,314,501,0,127
scalpel_10205.jpg,scalpel,343,640,146,281
scalpel_10214.jpg,scalpel,252,300,0,170
scalpel_10223.jpg,scalpel,231,364,0,214
scalpel_10232.jpg,scalpel,178,215,0,143
scalpel_10241.jpg,scalpel,239,344,0,104
scalpel_10250.jpg,scalpel,329,571,102,163
scalpel_1026.jpg,scalpel,134,293,0,107
scalpel_10269.jpg,scalpel,79,152,0,283
scalpel_10278.jpg,scalpel,175,235,0,79
scalpel_10287.jpg,scalpel,316,514,58,129
scalpel_10296.jpg,scalpel,279,377,98,309
scalpel_10304.jpg,scalpel,94,149,0,158
scalpel_10313.jpg,scalpel,235,594,140,200
scalpel_10322.jpg,scalpel,401,640,175,358
scalpel_10331.jpg,scalpel,338,370,0,134
scalpel_10340.jpg,scalpel,143,257,0,85
scalpel_1035.jpg,scalpel,227,353,0,108
scalpel_10359.jpg,scalpel,325,640,247,329
scalpel_10368.jpg,scalpel,38,110,54,194
scalpel_10377.jpg,scalpel,266,506,137,213
scalpel_10386.jpg,scalpel,296,434,119,160
scalpel_10395.jpg,scalpel,332,640,231,462
scalpel_10403.jpg,scalpel,244,355,0,162
scalpel_10412.jpg,scalpel,235,298,100,181
scalpel_10421.jpg,scalpel,163,241,0,206
scalpel_10430.jpg,scalpel,298,323,0,37
scalpel_1044.jpg,scalpel,266,411,52,181
scalpel_10449.jpg,scalpel,352,388,0,95
scalpel_10458.jpg,scalpel,10,85,0,326
scalpel_10467.jpg,scalpel,354,456,0,170
scalpel_10476.jpg,scalpel,63,290,0,248
scalpel_10485.jpg,scalpel,216,425,55,305
scalpel_10494.jpg,scalpel,374,446,42,301
scalpel_10502.jpg,scalpel,282,367,0,293
scalpel_10511.jpg,scalpel,330,414,76,292
scalpel_10520.jpg,scalpel,200,303,148,240
scalpel_1053.jpg,scalpel,183,328,0,160
scalpel_10539.jpg,scalpel,320,376,24,172
scalpel_10548.jpg,scalpel,68,162,0,176
scalpel_10557.jpg,scalpel,296,396,0,153
scalpel_10566.jpg,scalpel,134,207,0,95
scalpel_10575.jpg,scalpel,264,327,0,103
scalpel_10584.jpg,scalpel,276,328,0,109
scalpel_10593.jpg,scalpel,468,518,150,291
scalpel_10601.jpg,scalpel,238,268,0,95
scalpel_10610.jpg,scalpel,414,542,160,311
scalpel_1062.jpg,scalpel,268,409,10,181
scalpel_10629.jpg,scalpel,437,556,145,371
scalpel_10638.jpg,scalpel,132,165,0,77
scalpel_10647.jpg,scalpel,407,640,122,318
scalpel_10656.jpg,scalpel,123,195,0,183
scalpel_10665.jpg,scalpel,216,560,150,254
scalpel_10674.jpg,scalpel,137,236,20,329
scalpel_10683.jpg,scalpel,95,401,65,273
scalpel_10692.jpg,scalpel,115,178,0,410
scalpel_10700.jpg,scalpel,138,524,228,373
scalpel_1071.jpg,scalpel,263,375,90,187
scalpel_10719.jpg,scalpel,407,640,251,357
scalpel_10728.jpg,scalpel,151,230,0,167
scalpel_10737.jpg,scalpel,272,520,96,177
scalpel_10746.jpg,scalpel,240,282,0,130
scalpel_10755.jpg,scalpel,383,577,131,243
scalpel_10764.jpg,scalpel,262,317,0,125
scalpel_10773.jpg,scalpel,328,512,64,136
scalpel_10782.jpg,scalpel,308,360,0,123
scalpel_10791.jpg,scalpel,494,609,0,164
scalpel_1080.jpg,scalpel,294,518,14,145
scalpel_10809.jpg,scalpel,439,514,0,203
scalpel_10818.jpg,scalpel,129,192,0,129
scalpel_10827.jpg,scalpel,416,458,0,125
scalpel_10836.jpg,scalpel,176,232,0,114
scalpel_10845.jpg,scalpel,342,416,18,146
scalpel_10854.jpg,scalpel,247,309,124,281
scalpel_10863.jpg,scalpel,264,301,69,162
scalpel_10872.jpg,scalpel,131,214,0,217
scalpel_10881.jpg,scalpel,207,254,0,63
scalpel_10890.jpg,scalpel,244,300,36,318
scalpel_109.jpg,scalpel,286,640,0,112
scalpel_10908.jpg,scalpel,353,491,13,325
scalpel_10917.jpg,scalpel,237,276,0,57
scalpel_10926.jpg,scalpel,263,328,0,321
scalpel_10935.jpg,scalpel,128,391,56,244
scalpel_10944.jpg,scalpel,356,429,44,259
scalpel_10953.jpg,scalpel,122,294,0,136
scalpel_10962.jpg,scalpel,435,488,0,186
scalpel_10971.jpg,scalpel,166,343,0,125
scalpel_10980.jpg,scalpel,254,338,0,245
scalpel_1099.jpg,scalpel,313,547,135,174
scalpel_10999.jpg,scalpel,49,135,0,315
scalpel_11006.jpg,scalpel,236,524,201,268
scalpel_11015.jpg,scalpel,361,511,201,242
scalpel_11024.jpg,scalpel,375,559,215,253
scalpel_11033.jpg,scalpel,377,559,216,255
scalpel_11042.jpg,scalpel,369,502,0,152
scalpel_11051.jpg,scalpel,368,449,0,157
scalpel_11060.jpg,scalpel,376,456,0,188
scalpel_1107.jpg,scalpel,351,448,139,187
scalpel_11079.jpg,scalpel,227,372,0,264
scalpel_11088.jpg,scalpel,243,465,0,296
scalpel_11097.jpg,scalpel,175,253,0,238
scalpel_11105.jpg,scalpel,151,272,0,194
scalpel_11114.jpg,scalpel,230,284,27,190
scalpel_11123.jpg,scalpel,256,315,0,116
scalpel_11132.jpg,scalpel,361,448,40,177
scalpel_11141.jpg,scalpel,373,488,0,176
scalpel_11150.jpg,scalpel,431,473,0,124
scalpel_1116.jpg,scalpel,315,420,75,131
scalpel_11169.jpg,scalpel,416,470,24,203
scalpel_11178.jpg,scalpel,385,466,49,167
scalpel_11187.jpg,scalpel,396,483,3,179
scalpel_11196.jpg,scalpel,262,335,17,235
scalpel_11204.jpg,scalpel,366,420,2,272
scalpel_11213.jpg,scalpel,220,313,0,222
scalpel_11222.jpg,scalpel,157,242,0,208
scalpel_11231.jpg,scalpel,232,289,0,144
scalpel_11240.jpg,scalpel,230,355,11,153
scalpel_1125.jpg,scalpel,319,505,53,167
scalpel_11259.jpg,scalpel,338,453,0,139
scalpel_11268.jpg,scalpel,321,447,0,147
scalpel_11277.jpg,scalpel,340,458,27,162
scalpel_11286.jpg,scalpel,253,364,41,325
scalpel_11295.jpg,scalpel,100,210,0,282
scalpel_11303.jpg,scalpel,262,306,0,131
scalpel_11312.jpg,scalpel,241,267,0,60
scalpel_11321.jpg,scalpel,285,331,0,130
scalpel_11330.jpg,scalpel,310,359,0,195
scalpel_1134.jpg,scalpel,337,491,100,217
scalpel_11349.jpg,scalpel,107,215,0,338
scalpel_11358.jpg,scalpel,187,231,0,153
scalpel_11367.jpg,scalpel,264,302,0,138
scalpel_11376.jpg,scalpel,339,367,0,68
scalpel_11385.jpg,scalpel,357,403,0,153
scalpel_11394.jpg,scalpel,447,479,0,153
scalpel_11402.jpg,scalpel,310,444,0,292
scalpel_11411.jpg,scalpel,307,441,0,215
scalpel_11420.jpg,scalpel,223,383,0,222
scalpel_1143.jpg,scalpel,291,350,20,197
scalpel_11439.jpg,scalpel,140,339,0,185
scalpel_11448.jpg,scalpel,112,252,0,136
scalpel_11457.jpg,scalpel,396,444,0,194
scalpel_11466.jpg,scalpel,228,440,0,271
scalpel_11475.jpg,scalpel,318,473,0,210
scalpel_11484.jpg,scalpel,328,460,0,197
scalpel_11493.jpg,scalpel,258,435,0,195
scalpel_11501.jpg,scalpel,262,371,0,125
scalpel_11510.jpg,scalpel,384,434,46,225
scalpel_1152.jpg,scalpel,323,361,0,127
scalpel_11529.jpg,scalpel,347,434,59,275
scalpel_11538.jpg,scalpel,148,194,0,190
scalpel_11547.jpg,scalpel,374,422,31,150
scalpel_11556.jpg,scalpel,387,540,0,160
scalpel_11565.jpg,scalpel,228,298,10,170
scalpel_11574.jpg,scalpel,239,301,0,219
scalpel_11583.jpg,scalpel,183,303,0,218
scalpel_11592.jpg,scalpel,207,318,0,246
scalpel_11600.jpg,scalpel,90,226,0,240
scalpel_1161.jpg,scalpel,286,333,0,181
scalpel_11619.jpg,scalpel,132,332,78,298
scalpel_11628.jpg,scalpel,254,308,0,139
scalpel_11637.jpg,scalpel,222,261,0,141
scalpel_11646.jpg,scalpel,231,283,0,148
scalpel_11655.jpg,scalpel,229,315,0,100
scalpel_11664.jpg,scalpel,376,428,0,130
scalpel_11673.jpg,scalpel,358,461,13,114
scalpel_11682.jpg,scalpel,423,492,35,180
scalpel_11691.jpg,scalpel,362,441,0,170
scalpel_1170.jpg,scalpel,293,329,0,184
scalpel_11709.jpg,scalpel,286,349,17,241
scalpel_11718.jpg,scalpel,272,370,42,221
scalpel_11727.jpg,scalpel,263,340,100,188
scalpel_11736.jpg,scalpel,270,354,0,180
scalpel_11745.jpg,scalpel,295,372,0,150
scalpel_11754.jpg,scalpel,293,449,15,151
scalpel_11763.jpg,scalpel,289,468,1,151
scalpel_11772.jpg,scalpel,286,478,0,151
scalpel_11781.jpg,scalpel,286,456,0,151
scalpel_11790.jpg,scalpel,350,555,0,158
scalpel_118.jpg,scalpel,277,318,0,128
scalpel_11808.jpg,scalpel,331,468,0,116
scalpel_11817.jpg,scalpel,317,415,0,122
scalpel_11826.jpg,scalpel,358,403,0,114
scalpel_11835.jpg,scalpel,379,494,0,101
scalpel_11844.jpg,scalpel,387,445,0,171
scalpel_11853.jpg,scalpel,300,313,180,203
scalpel_11862.jpg,scalpel,244,380,4,313
scalpel_11871.jpg,scalpel,270,433,57,324
scalpel_11880.jpg,scalpel,105,162,99,297
scalpel_1189.jpg,scalpel,305,347,0,167
scalpel_11899.jpg,scalpel,232,300,0,128
scalpel_11907.jpg,scalpel,324,439,42,199
scalpel_11916.jpg,scalpel,328,375,40,208
scalpel_11925.jpg,scalpel,325,381,69,171
scalpel_11934.jpg,scalpel,314,433,0,179
scalpel_11943.jpg,scalpel,418,469,0,159
scalpel_11952.jpg,scalpel,442,497,0,196
scalpel_11961.jpg,scalpel,388,443,0,131
scalpel_11970.jpg,scalpel,397,543,0,126
scalpel_1198.jpg,scalpel,309,347,0,155
scalpel_11989.jpg,scalpel,271,316,0,163
scalpel_11998.jpg,scalpel,321,377,0,166
scalpel_12005.jpg,scalpel,217,335,0,205
scalpel_12014.jpg,scalpel,219,317,0,203
scalpel_12023.jpg,scalpel,228,370,64,197
scalpel_12032.jpg,scalpel,223,353,0,160
scalpel_12041.jpg,scalpel,257,426,41,267
scalpel_12050.jpg,scalpel,229,353,0,255
scalpel_1206.jpg,scalpel,318,355,0,155
scalpel_12069.jpg,scalpel,295,426,0,217
scalpel_12078.jpg,scalpel,333,484,0,167
scalpel_12087.jpg,scalpel,281,447,0,170
scalpel_12096.jpg,scalpel,245,378,0,237
scalpel_12104.jpg,scalpel,166,245,0,150
scalpel_12113.jpg,scalpel,201,274,0,260
scalpel_12122.jpg,scalpel,309,360,27,319
scalpel_12131.jpg,scalpel,422,463,0,203
scalpel_12140.jpg,scalpel,440,492,0,174
scalpel_1215.jpg,scalpel,315,470,25,137
scalpel_12159.jpg,scalpel,297,345,54,381
scalpel_12168.jpg,scalpel,204,287,0,347
scalpel_12177.jpg,scalpel,100,226,0,337
scalpel_12186.jpg,scalpel,43,210,0,259
scalpel_12195.jpg,scalpel,308,374,0,338
scalpel_12203.jpg,scalpel,304,370,15,359
scalpel_12212.jpg,scalpel,181,249,0,287
scalpel_12221.jpg,scalpel,172,229,0,212
scalpel_12230.jpg,scalpel,144,201,0,201
scalpel_1224.jpg,scalpel,310,425,21,93
syringe_09.jpg,syringe,297,544,0,183
syringe_10006.jpg,syringe,355,640,0,260
syringe_10015.jpg,syringe,358,640,157,263
syringe_10024.jpg,syringe,359,640,135,263
syringe_10033.jpg,syringe,358,640,48,223
syringe_10042.jpg,syringe,354,640,216,273
syringe_10051.jpg,syringe,354,572,0,222
syringe_10060.jpg,syringe,354,640,175,236
syringe_1007.jpg,syringe,325,569,0,174
syringe_10079.jpg,syringe,328,640,151,243
syringe_10088.jpg,syringe,326,472,0,158
syringe_10097.jpg,syringe,246,484,0,245
syringe_10105.jpg,syringe,248,640,49,244
syringe_10114.jpg,syringe,0,248,0,242
syringe_10123.jpg,syringe,333,640,0,240
syringe_10132.jpg,syringe,334,640,0,238
syringe_10141.jpg,syringe,249,340,64,238
syringe_10150.jpg,syringe,324,367,0,235
syringe_1016.jpg,syringe,330,615,0,168
syringe_10169.jpg,syringe,331,570,0,236
syringe_10178.jpg,syringe,324,640,0,176
syringe_10187.jpg,syringe,286,328,0,174
syringe_10196.jpg,syringe,381,570,0,236
syringe_10204.jpg,syringe,442,640,30,203
syringe_10213.jpg,syringe,331,381,0,190
syringe_10222.jpg,syringe,347,640,13,114
syringe_10231.jpg,syringe,346,640,12,176
syringe_10240.jpg,syringe,385,573,0,257
syringe_1025.jpg,syringe,327,554,0,170
syringe_10259.jpg,syringe,310,594,0,200
syringe_10268.jpg,syringe,317,537,0,178
syringe_10277.jpg,syringe,358,577,0,197
syringe_10286.jpg,syringe,366,597,0,193
syringe_10295.jpg,syringe,364,580,19,194
syringe_10303.jpg,syringe,364,543,44,191
syringe_10312.jpg,syringe,433,640,31,219
syringe_10321.jpg,syringe,378,627,0,227
syringe_10330.jpg,syringe,368,640,98,241
syringe_1034.jpg,syringe,284,419,0,179
syringe_10349.jpg,syringe,272,640,168,241
syringe_10358.jpg,syringe,365,585,42,201
syringe_10367.jpg,syringe,325,391,170,217
syringe_10376.jpg,syringe,298,371,0,181
syringe_10385.jpg,syringe,336,437,0,179
syringe_10394.jpg,syringe,278,402,7,249
syringe_10402.jpg,syringe,227,354,187,269
syringe_10411.jpg,syringe,227,333,51,261
syringe_10420.jpg,syringe,386,426,177,225
syringe_1043.jpg,syringe,319,478,0,138
syringe_10439.jpg,syringe,377,548,100,213
syringe_10448.jpg,syringe,349,493,65,270
syringe_10457.jpg,syringe,341,395,195,272
syringe_10466.jpg,syringe,266,333,49,185
syringe_10475.jpg,syringe,276,427,138,194
syringe_10484.jpg,syringe,330,397,0,133
syringe_10493.jpg,syringe,338,505,9,131
syringe_10501.jpg,syringe,346,409,106,233
syringe_10510.jpg,syringe,355,485,65,234
syringe_1052.jpg,syringe,312,543,0,144
syringe_10529.jpg,syringe,317,546,215,289
syringe_10538.jpg,syringe,307,574,191,324
syringe_10547.jpg,syringe,270,337,0,267
syringe_10556.jpg,syringe,261,389,0,191
syringe_10565.jpg,syringe,269,395,0,186
syringe_10574.jpg,syringe,321,397,0,151
syringe_10583.jpg,syringe,368,427,23,181
syringe_10592.jpg,syringe,401,479,0,175
syringe_10600.jpg,syringe,300,475,0,145
syringe_1061.jpg,syringe,327,563,0,132
syringe_10619.jpg,syringe,298,456,28,180
syringe_10628.jpg,syringe,291,364,30,237
syringe_10637.jpg,syringe,298,454,43,234
syringe_10646.jpg,syringe,304,397,144,238
syringe_10655.jpg,syringe,364,584,141,240
syringe_10664.jpg,syringe,337,391,38,236
syringe_10673.jpg,syringe,336,367,100,133
syringe_10682.jpg,syringe,318,380,0,158
syringe_10691.jpg,syringe,319,508,5,159
syringe_1070.jpg,syringe,322,570,0,153
syringe_10709.jpg,syringe,341,415,0,161
syringe_10718.jpg,syringe,290,401,144,234
syringe_10727.jpg,syringe,295,542,124,234
syringe_10736.jpg,syringe,339,465,21,194
syringe_10745.jpg,syringe,321,372,0,196
syringe_10754.jpg,syringe,267,331,168,259
syringe_10763.jpg,syringe,194,248,36,152
syringe_10772.jpg,syringe,337,440,6,158
syringe_10781.jpg,syringe,311,359,0,160
syringe_10790.jpg,syringe,340,520,72,161
syringe_108.jpg,syringe,253,462,0,134
syringe_10808.jpg,syringe,366,522,16,173
syringe_10817.jpg,syringe,284,373,0,172
syringe_10826.jpg,syringe,340,434,99,170
syringe_10835.jpg,syringe,340,409,0,200
syringe_10844.jpg,syringe,355,540,43,194
syringe_10853.jpg,syringe,184,298,0,122
syringe_10862.jpg,syringe,181,293,47,345
syringe_10871.jpg,syringe,389,458,0,170
syringe_10880.jpg,syringe,205,472,139,389
syringe_1089.jpg,syringe,321,528,52,157
syringe_10899.jpg,syringe,158,468,138,299
syringe_10907.jpg,syringe,395,606,132,246
syringe_10916.jpg,syringe,425,640,130,414
syringe_10925.jpg,syringe,379,570,167,243
syringe_10934.jpg,syringe,276,582,246,334
syringe_10943.jpg,syringe,384,572,112,226
syringe_10952.jpg,syringe,431,640,158,230
syringe_10961.jpg,syringe,353,574,183,480
syringe_10970.jpg,syringe,385,640,292,480
syringe_1098.jpg,syringe,321,531,52,159
syringe_10989.jpg,syringe,368,599,109,184
syringe_10998.jpg,syringe,250,501,104,193
syringe_11005.jpg,syringe,344,510,143,211
syringe_11014.jpg,syringe,341,483,103,206
syringe_11023.jpg,syringe,369,640,43,180
syringe_11032.jpg,syringe,372,640,0,180
syringe_11041.jpg,syringe,371,640,168,215
syringe_11050.jpg,syringe,370,625,0,180
syringe_1106.jpg,syringe,324,612,0,158
syringe_11069.jpg,syringe,300,640,184,262
syringe_11078.jpg,syringe,300,640,0,186
syringe_11087.jpg,syringe,298,640,162,211
syringe_11096.jpg,syringe,228,640,56,244
syringe_11104.jpg,syringe,236,640,77,243
syringe_11113.jpg,syringe,230,475,0,243
syringe_11122.jpg,syringe,241,607,116,181
syringe_11131.jpg,syringe,237,417,0,123
syringe_11140.jpg,syringe,287,640,42,162
syringe_1115.jpg,syringe,272,556,0,189
syringe_11159.jpg,syringe,348,640,149,199
syringe_11168.jpg,syringe,263,640,3,245
syringe_11177.jpg,syringe,282,640,203,255
syringe_11186.jpg,syringe,249,640,69,318
syringe_11195.jpg,syringe,251,611,0,316
syringe_11203.jpg,syringe,330,640,0,147
syringe_11212.jpg,syringe,331,640,142,220
syringe_11221.jpg,syringe,328,640,0,147
syringe_11230.jpg,syringe,333,640,47,132
syringe_1124.jpg,syringe,276,556,0,185
syringe_11249.jpg,syringe,316,640,162,212
syringe_11258.jpg,syringe,317,561,0,189
syringe_11267.jpg,syringe,318,640,43,177
syringe_11276.jpg,syringe,311,640,116,207
syringe_11285.jpg,syringe,309,583,0,204
syringe_11294.jpg,syringe,320,640,183,233
syringe_11302.jpg,syringe,322,498,0,238
syringe_11311.jpg,syringe,325,640,233,326
syringe_11320.jpg,syringe,218,640,0,282
syringe_1133.jpg,syringe,263,428,0,147
syringe_11339.jpg,syringe,248,640,0,266
syringe_11348.jpg,syringe,295,580,0,241
syringe_11357.jpg,syringe,354,640,0,170
syringe_11366.jpg,syringe,349,517,0,180
syringe_11375.jpg,syringe,358,640,175,233
syringe_11384.jpg,syringe,321,557,0,245
syringe_11393.jpg,syringe,323,640,125,244
syringe_11401.jpg,syringe,325,640,172,247
syringe_11410.jpg,syringe,350,640,14,223
syringe_1142.jpg,syringe,314,497,0,140
syringe_11429.jpg,syringe,221,640,75,141
syringe_11438.jpg,syringe,345,640,93,201
syringe_11447.jpg,syringe,345,607,0,199
syringe_11456.jpg,syringe,342,540,0,200
syringe_11465.jpg,syringe,343,640,0,201
syringe_11474.jpg,syringe,343,640,0,200
syringe_11483.jpg,syringe,346,640,46,198
syringe_11492.jpg,syringe,415,625,0,337
syringe_11500.jpg,syringe,586,638,282,480
syringe_1151.jpg,syringe,330,515,0,147
syringe_11519.jpg,syringe,124,640,132,203
syringe_11528.jpg,syringe,169,640,418,480
syringe_11537.jpg,syringe,0,638,124,234
syringe_11546.jpg,syringe,452,640,228,480
syringe_11555.jpg,syringe,287,564,0,260
syringe_11564.jpg,syringe,287,640,201,287
syringe_11573.jpg,syringe,288,640,263,322
syringe_11582.jpg,syringe,287,640,157,288
syringe_11591.jpg,syringe,336,640,0,209
syringe_1160.jpg,syringe,322,528,0,148
syringe_11609.jpg,syringe,334,640,195,249
syringe_11618.jpg,syringe,338,640,202,370
syringe_11627.jpg,syringe,325,640,54,173
syringe_11636.jpg,syringe,284,624,0,190
syringe_11645.jpg,syringe,287,585,187,384
syringe_11654.jpg,syringe,319,640,153,206
syringe_11663.jpg,syringe,311,530,180,289
syringe_11672.jpg,syringe,314,640,76,185
syringe_11681.jpg,syringe,270,640,168,234
syringe_11690.jpg,syringe,145,620,80,304
syringe_117.jpg,syringe,253,624,0,134
syringe_11708.jpg,syringe,48,504,0,221
syringe_11717.jpg,syringe,56,640,182,309
syringe_11726.jpg,syringe,178,640,341,480
syringe_11735.jpg,syringe,111,640,0,271
syringe_11744.jpg,syringe,139,640,51,268
syringe_11753.jpg,syringe,246,640,47,200
syringe_11762.jpg,syringe,241,608,0,203
syringe_11771.jpg,syringe,241,499,0,199
syringe_11780.jpg,syringe,242,640,195,316
syringe_1179.jpg,syringe,285,521,0,153
syringe_11799.jpg,syringe,243,640,162,220
syringe_11807.jpg,syringe,246,640,131,201
syringe_11816.jpg,syringe,279,640,105,211
syringe_11825.jpg,syringe,281,640,45,210
syringe_11834.jpg,syringe,280,519,0,211
syringe_11843.jpg,syringe,273,418,0,201
syringe_11852.jpg,syringe,276,640,25,209
syringe_11861.jpg,syringe,275,640,84,240
syringe_11870.jpg,syringe,258,640,26,241
syringe_1188.jpg,syringe,293,549,0,137
syringe_11889.jpg,syringe,258,640,0,240
syringe_11898.jpg,syringe,331,640,67,241
syringe_11906.jpg,syringe,331,532,0,240
syringe_11915.jpg,syringe,331,511,0,240
syringe_11924.jpg,syringe,331,640,224,284
syringe_11933.jpg,syringe,332,640,225,272
syringe_11942.jpg,syringe,332,612,54,239
syringe_11951.jpg,syringe,294,552,170,380
syringe_11960.jpg,syringe,295,640,0,174
syringe_1197.jpg,syringe,303,589,0,172
syringe_11979.jpg,syringe,138,304,110,289
syringe_11988.jpg,syringe,0,302,142,197
syringe_11997.jpg,syringe,0,298,167,480
syringe_12004.jpg,syringe,0,301,164,314
syringe_12013.jpg,syringe,0,311,211,283
syringe_12022.jpg,syringe,71,336,0,282
syringe_12031.jpg,syringe,0,326,247,347
syringe_12040.jpg,syringe,128,355,0,293
syringe_1205.jpg,syringe,287,563,0,147
syringe_12059.jpg,syringe,95,317,0,265
syringe_12068.jpg,syringe,66,423,0,317
syringe_12077.jpg,syringe,40,364,0,332
syringe_12086.jpg,syringe,167,363,0,249
syringe_12095.jpg,syringe,23,392,0,295
syringe_12103.jpg,syringe,27,395,0,301
syringe_12112.jpg,syringe,0,359,223,362
syringe_12121.jpg,syringe,0,315,144,264
syringe_12130.jpg,syringe,0,320,52,258
syringe_1214.jpg,syringe,301,598,0,137
syringe_12149.jpg,syringe,0,316,135,258
syringe_12158.jpg,syringe,311,640,101,261
syringe_12167.jpg,syringe,322,640,139,224
syringe_12176.jpg,syringe,316,640,0,224
syringe_12185.jpg,syringe,336,640,124,192
syringe_12194.jpg,syringe,328,640,161,207